UKPRN_FoR	UKPRN	FoR	Mean4	Mean3	Mean2	Mean1	GPA
10000291_15	10000291	15	0.0	70.0	30.0	0.0	2.70
10000291_16	10000291	16	0.0	0.0	50.0	50.0	1.50
10000291_17	10000291	17	23.3	36.7	40.0	0.0	2.83
10000291_19	10000291	19	10.0	70.0	20.0	0.0	2.90
10000291_20	10000291	20	0.0	40.0	50.0	10.0	2.30
10000291_22	10000291	22	0.0	0.0	80.0	20.0	1.80
10000291_25	10000291	25	0.0	0.0	50.0	50.0	1.50
10000291_29	10000291	29	0.0	46.7	40.0	13.3	2.33
10000291_3	10000291	3	20.0	80.0	0.0	0.0	3.20
10000291_30	10000291	30	0.0	0.0	40.0	20.0	1.00
10000291_34	10000291	34	0.0	70.0	30.0	0.0	2.70
10000291_35	10000291	35	40.0	60.0	0.0	0.0	3.40
10000291_36	10000291	36	0.0	40.0	60.0	0.0	2.40
10000291_4	10000291	4	0.0	0.0	20.0	80.0	1.20
10000291_5	10000291	5	0.0	10.0	70.0	20.0	1.90
10000385_34	10000385	34	0.0	40.0	40.0	20.0	2.20
10000571_25	10000571	25	0.0	40.0	60.0	0.0	2.40
10000571_29	10000571	29	0.0	73.3	26.7	0.0	2.73
10000571_30	10000571	30	0.0	70.0	30.0	0.0	2.70
10000571_34	10000571	34	0.0	30.0	70.0	0.0	2.30
10000571_35	10000571	35	60.0	40.0	0.0	0.0	3.60
10000571_36	10000571	36	0.0	80.0	20.0	0.0	2.80
10000824_15	10000824	15	0.0	73.3	26.7	0.0	2.73
10000824_17	10000824	17	10.0	40.0	50.0	0.0	2.60
10000824_19	10000824	19	63.3	36.7	0.0	0.0	3.63
10000824_26	10000824	26	40.0	40.0	20.0	0.0	3.20
10000824_3	10000824	3	0.0	63.3	36.7	0.0	2.63
10000824_34	10000824	34	60.0	40.0	0.0	0.0	3.60
10000824_36	10000824	36	63.3	23.4	13.3	0.0	3.50
10000824_4	10000824	4	0.0	20.0	40.0	40.0	1.80
10000886_11	10000886	11	20.0	80.0	0.0	0.0	3.20
10000886_12	10000886	12	0.0	50.0	50.0	0.0	2.50
10000886_19	10000886	19	73.3	26.7	0.0	0.0	3.73
10000886_22	10000886	22	40.0	40.0	10.0	10.0	3.10
10000886_25	10000886	25	0.0	50.0	50.0	0.0	2.50
10000886_26	10000886	26	26.7	73.3	0.0	0.0	3.27
10000886_3	10000886	3	80.0	20.0	0.0	0.0	3.80
10000886_34	10000886	34	54.3	45.7	0.0	0.0	3.54
10000886_36	10000886	36	60.0	30.0	10.0	0.0	3.50
10000886_7	10000886	7	20.0	60.0	20.0	0.0	3.00
10000961_10	10000961	10	26.7	33.3	13.3	26.7	2.60
10000961_11	10000961	11	10.0	40.0	20.0	30.0	2.30
10000961_12	10000961	12	0.0	71.4	28.6	0.0	2.71
10000961_15	10000961	15	11.4	65.7	11.5	0.0	2.66
10000961_18	10000961	18	0.0	40.0	40.0	20.0	2.20
10000961_19	10000961	19	5.7	54.3	34.3	5.7	2.60
10000961_2	10000961	2	60.0	40.0	0.0	0.0	3.60
10000961_20	10000961	20	0.0	30.0	60.0	10.0	2.20
10000961_21	10000961	21	26.7	73.3	0.0	0.0	3.27
10000961_22	10000961	22	46.7	13.3	40.0	0.0	3.07
10000961_23	10000961	23	0.0	80.0	20.0	0.0	2.80
10000961_24	10000961	24	40.0	0.0	20.0	40.0	2.40
10000961_25	10000961	25	0.0	90.0	10.0	0.0	2.90
10000961_26	10000961	26	60.0	40.0	0.0	0.0	3.60
10000961_29	10000961	29	0.0	63.3	10.0	26.7	2.37
10000961_3	10000961	3	13.3	33.4	53.3	0.0	2.60
10000961_34	10000961	34	60.0	40.0	0.0	0.0	3.60
10000961_35	10000961	35	36.7	36.6	26.7	0.0	3.10
10000961_36	10000961	36	0.0	26.7	46.6	26.7	2.00
10000961_4	10000961	4	73.3	0.0	26.7	0.0	3.47
10000961_7	10000961	7	66.7	33.3	0.0	0.0	3.67
10000975_19	10000975	19	0.0	0.0	0.0	0.0	0.00
10000975_26	10000975	26	0.0	10.0	50.0	0.0	1.30
10000975_3	10000975	3	0.0	20.0	80.0	0.0	2.20
10000975_34	10000975	34	20.0	60.0	20.0	0.0	3.00
10001143_21	10001143	21	0.0	0.0	80.0	20.0	1.80
10001143_25	10001143	25	0.0	63.3	36.7	0.0	2.63
10001143_26	10001143	26	40.0	60.0	0.0	0.0	3.40
10001143_29	10001143	29	0.0	50.0	30.0	20.0	2.30
10001143_3	10001143	3	0.0	90.0	10.0	0.0	2.90
10001143_30	10001143	30	0.0	50.0	50.0	0.0	2.50
10001143_33	10001143	33	0.0	80.0	20.0	0.0	2.80
10001143_35	10001143	35	10.0	50.0	40.0	0.0	2.70
10001143_36	10001143	36	0.0	30.0	70.0	0.0	2.30
10001143_6	10001143	6	0.0	0.0	70.0	30.0	1.70
10001282_10	10001282	10	0.0	30.0	50.0	20.0	2.10
10001282_11	10001282	11	0.0	20.0	40.0	40.0	1.80
10001282_15	10001282	15	0.0	36.7	63.3	0.0	2.37
10001282_16	10001282	16	26.7	10.0	63.3	0.0	2.63
10001282_17	10001282	17	0.0	46.7	53.3	0.0	2.47
10001282_19	10001282	19	36.7	23.3	40.0	0.0	2.97
10001282_20	10001282	20	0.0	30.0	70.0	0.0	2.30
10001282_22	10001282	22	0.0	40.0	40.0	20.0	2.20
10001282_26	10001282	26	0.0	20.0	60.0	20.0	2.00
10001282_29	10001282	29	0.0	50.0	40.0	10.0	2.40
10001282_3	10001282	3	60.0	32.0	8.0	0.0	3.52
10001282_30	10001282	30	0.0	36.7	50.0	13.3	2.23
10001282_34	10001282	34	26.0	42.0	0.0	32.0	2.62
10001282_36	10001282	36	0.0	75.0	25.0	0.0	2.75
10001282_4	10001282	4	73.3	26.7	0.0	0.0	3.73
10001478_10	10001478	10	40.0	40.0	20.0	0.0	3.20
10001478_11	10001478	11	40.0	50.0	10.0	0.0	3.30
10001478_15	10001478	15	13.3	66.7	20.0	0.0	2.93
10001478_18	10001478	18	20.0	30.0	10.0	0.0	1.90
10001478_19	10001478	19	60.0	26.7	13.3	0.0	3.47
10001478_20	10001478	20	0.0	73.3	26.7	0.0	2.73
10001478_21	10001478	21	0.0	80.0	20.0	0.0	2.80
10001478_23	10001478	23	26.7	73.3	0.0	0.0	3.27
10001478_3	10001478	3	55.0	45.0	0.0	0.0	3.55
10001478_35	10001478	35	40.0	60.0	0.0	0.0	3.40
10001478_36	10001478	36	53.3	46.7	0.0	0.0	3.53
10001478_4	10001478	4	20.0	40.0	40.0	0.0	2.80
10001726_10	10001726	10	0.0	80.0	20.0	0.0	2.80
10001726_11	10001726	11	10.0	90.0	0.0	0.0	3.10
10001726_15	10001726	15	0.0	36.7	63.3	0.0	2.37
10001726_19	10001726	19	40.0	60.0	0.0	0.0	3.40
10001726_21	10001726	21	0.0	86.7	13.3	0.0	2.87
10001726_3	10001726	3	13.3	76.7	10.0	0.0	3.03
10001726_34	10001726	34	70.0	30.0	0.0	0.0	3.70
10001726_4	10001726	4	60.0	40.0	0.0	0.0	3.60
10001726_7	10001726	7	0.0	70.0	30.0	0.0	2.70
10001883_11	10001883	11	0.0	66.7	33.3	0.0	2.67
10001883_15	10001883	15	0.0	36.7	50.0	13.3	2.23
10001883_16	10001883	16	40.0	50.0	10.0	0.0	3.30
10001883_19	10001883	19	50.0	23.3	26.7	0.0	3.23
10001883_20	10001883	20	0.0	40.0	40.0	20.0	2.20
10001883_22	10001883	22	53.3	20.0	26.7	0.0	3.27
10001883_29	10001883	29	40.0	60.0	0.0	0.0	3.40
10001883_3	10001883	3	40.0	30.0	30.0	0.0	3.10
10001883_30	10001883	30	60.0	40.0	0.0	0.0	3.60
10001883_34	10001883	34	33.3	40.0	26.7	0.0	3.07
10001883_35	10001883	35	10.0	90.0	0.0	0.0	3.10
10001883_36	10001883	36	0.0	100.0	0.0	0.0	3.00
10002681_34	10002681	34	30.0	50.0	20.0	0.0	3.10
10002718_11	10002718	11	26.7	73.3	0.0	0.0	3.27
10002718_21	10002718	21	0.0	20.0	70.0	10.0	2.10
10002718_22	10002718	22	0.0	40.0	60.0	0.0	2.40
10002718_23	10002718	23	8.0	52.0	40.0	0.0	2.68
10002718_24	10002718	24	40.0	60.0	0.0	0.0	3.40
10002718_25	10002718	25	0.0	50.0	50.0	0.0	2.50
10002718_29	10002718	29	26.7	36.6	23.4	13.3	2.77
10002718_30	10002718	30	0.0	80.0	20.0	0.0	2.80
10002718_34	10002718	34	30.0	50.0	20.0	0.0	3.10
10002718_35	10002718	35	55.0	25.0	20.0	0.0	3.35
10002718_36	10002718	36	86.7	13.3	0.0	0.0	3.87
10002718_4	10002718	4	60.0	40.0	0.0	0.0	3.60
10003270_1	10003270	1	94.1	5.9	0.0	0.0	3.94
10003270_10	10003270	10	56.4	40.0	3.6	0.0	3.53
10003270_11	10003270	11	73.3	26.7	0.0	0.0	3.73
10003270_12	10003270	12	75.6	20.0	2.2	2.2	3.69
10003270_13	10003270	13	80.0	20.0	0.0	0.0	3.80
10003270_14	10003270	14	65.7	34.3	0.0	0.0	3.66
10003270_15	10003270	15	70.0	20.0	10.0	0.0	3.60
10003270_19	10003270	19	22.9	71.4	5.7	0.0	3.17
10003270_2	10003270	2	83.3	16.7	0.0	0.0	3.83
10003270_4	10003270	4	84.0	16.0	0.0	0.0	3.84
10003270_5	10003270	5	53.6	39.1	7.3	0.0	3.46
10003270_8	10003270	8	46.7	53.3	0.0	0.0	3.47
10003270_9	10003270	9	47.7	43.1	9.2	0.0	3.39
10003324_1	10003324	1	90.0	10.0	0.0	0.0	3.90
10003324_5	10003324	5	80.0	20.0	0.0	0.0	3.80
10003614_17	10003614	17	0.0	0.0	70.0	30.0	1.70
10003614_23	10003614	23	0.0	0.0	0.0	100.0	1.00
10003614_25	10003614	25	0.0	40.0	60.0	0.0	2.40
10003614_30	10003614	30	0.0	60.0	30.0	10.0	2.50
10003614_33	10003614	33	20.0	70.0	10.0	0.0	3.10
10003614_35	10003614	35	0.0	80.0	20.0	0.0	2.80
10003614_36	10003614	36	0.0	80.0	20.0	0.0	2.80
10003614_4	10003614	4	0.0	20.0	0.0	80.0	1.40
10003645_1	10003645	1	70.7	29.3	0.0	0.0	3.71
10003645_10	10003645	10	0.0	26.0	50.0	24.0	2.02
10003645_11	10003645	11	40.0	53.3	6.7	0.0	3.33
10003645_15	10003645	15	80.0	20.0	0.0	0.0	3.80
10003645_17	10003645	17	40.0	40.0	20.0	0.0	3.20
10003645_19	10003645	19	50.0	42.0	8.0	0.0	3.42
10003645_2	10003645	2	80.0	20.0	0.0	0.0	3.80
10003645_20	10003645	20	80.0	20.0	0.0	0.0	3.80
10003645_21	10003645	21	63.6	25.5	10.9	0.0	3.53
10003645_23	10003645	23	33.3	66.7	0.0	0.0	3.33
10003645_25	10003645	25	92.0	8.0	0.0	0.0	3.92
10003645_26	10003645	26	50.0	50.0	0.0	0.0	3.50
10003645_28	10003645	28	24.0	76.0	0.0	0.0	3.24
10003645_29	10003645	29	52.0	48.0	0.0	0.0	3.52
10003645_3	10003645	3	64.0	33.8	2.2	0.0	3.62
10003645_30	10003645	30	68.0	32.0	0.0	0.0	3.68
10003645_31	10003645	31	40.0	60.0	0.0	0.0	3.40
10003645_32	10003645	32	63.3	23.4	13.3	0.0	3.50
10003645_33	10003645	33	50.0	50.0	0.0	0.0	3.50
10003645_35	10003645	35	41.7	58.4	0.0	0.0	3.42
10003645_36	10003645	36	90.0	10.0	0.0	0.0	3.90
10003645_4	10003645	4	77.6	22.4	0.0	0.0	3.78
10003645_5	10003645	5	15.0	70.0	15.0	0.0	3.00
10003645_9	10003645	9	10.0	60.0	30.0	0.0	2.80
10003678_11	10003678	11	20.0	40.0	40.0	0.0	2.80
10003678_15	10003678	15	0.0	30.0	50.0	20.0	2.10
10003678_17	10003678	17	0.0	40.0	60.0	0.0	2.40
10003678_19	10003678	19	23.3	63.4	13.3	0.0	3.10
10003678_29	10003678	29	100.0	0.0	0.0	0.0	4.00
10003678_3	10003678	3	0.0	76.7	23.3	0.0	2.77
10003678_32	10003678	32	30.0	30.0	40.0	0.0	2.90
10003678_34	10003678	34	10.0	36.7	53.3	0.0	2.57
10003678_4	10003678	4	0.0	40.0	60.0	0.0	2.40
10003861_11	10003861	11	0.0	20.0	80.0	0.0	2.20
10003861_16	10003861	16	26.7	10.0	36.6	26.7	2.37
10003861_19	10003861	19	0.0	60.0	40.0	0.0	2.60
10003861_2	10003861	2	0.0	50.0	50.0	0.0	2.50
10003861_22	10003861	22	0.0	20.0	40.0	40.0	1.80
10003861_25	10003861	25	0.0	70.0	30.0	0.0	2.70
10003861_26	10003861	26	36.7	23.3	40.0	0.0	2.97
10003861_34	10003861	34	0.0	0.0	0.0	100.0	1.00
10003861_35	10003861	35	0.0	0.0	40.0	20.0	1.00
10003861_36	10003861	36	20.0	0.0	60.0	20.0	2.20
10003861_4	10003861	4	0.0	100.0	0.0	0.0	3.00
10003863_26	10003863	26	0.0	0.0	0.0	0.0	0.00
10003863_29	10003863	29	0.0	0.0	70.0	30.0	1.70
10003863_30	10003863	30	0.0	40.0	60.0	0.0	2.40
10003863_33	10003863	33	0.0	40.0	20.0	40.0	2.00
10003863_36	10003863	36	0.0	0.0	0.0	10.0	0.10
10003956_11	10003956	11	0.0	0.0	50.0	50.0	1.50
10003956_17	10003956	17	0.0	0.0	0.0	80.0	0.80
10003956_21	10003956	21	0.0	0.0	70.0	30.0	1.70
10003956_22	10003956	22	0.0	0.0	10.0	90.0	1.10
10003956_25	10003956	25	40.0	0.0	30.0	30.0	2.50
10003956_26	10003956	26	0.0	0.0	30.0	70.0	1.30
10003956_29	10003956	29	0.0	0.0	40.0	60.0	1.40
10003956_30	10003956	30	0.0	50.0	50.0	0.0	2.50
10003956_33	10003956	33	0.0	70.0	30.0	0.0	2.70
10003956_35	10003956	35	5.0	50.0	35.0	10.0	2.50
10003956_4	10003956	4	0.0	0.0	100.0	0.0	2.00
10003957_11	10003957	11	0.0	80.0	10.0	10.0	2.70
10003957_12	10003957	12	0.0	30.0	70.0	0.0	2.30
10003957_13	10003957	13	0.0	30.0	70.0	0.0	2.30
10003957_15	10003957	15	0.0	30.0	30.0	40.0	1.90
10003957_16	10003957	16	0.0	73.3	26.7	0.0	2.73
10003957_20	10003957	20	0.0	100.0	0.0	0.0	3.00
10003957_22	10003957	22	20.0	80.0	0.0	0.0	3.20
10003957_24	10003957	24	40.0	20.0	0.0	0.0	2.20
10003957_25	10003957	25	0.0	40.0	60.0	0.0	2.40
10003957_26	10003957	26	90.0	10.0	0.0	0.0	3.90
10003957_29	10003957	29	50.0	30.0	20.0	0.0	3.30
10003957_3	10003957	3	10.0	60.0	30.0	0.0	2.80
10003957_30	10003957	30	0.0	60.0	40.0	0.0	2.60
10003957_34	10003957	34	0.0	70.0	30.0	0.0	2.70
10003957_36	10003957	36	20.0	70.0	10.0	0.0	3.10
10003957_4	10003957	4	0.0	60.0	40.0	0.0	2.60
10003957_9	10003957	9	40.0	46.7	13.3	0.0	3.27
10003958_1	10003958	1	57.8	37.8	4.4	0.0	3.53
10003958_2	10003958	2	80.0	20.0	0.0	0.0	3.80
10004048_10	10004048	10	0.0	40.0	60.0	0.0	2.40
10004048_11	10004048	11	0.0	0.0	10.0	50.0	0.70
10004048_16	10004048	16	0.0	40.0	20.0	40.0	2.00
10004048_19	10004048	19	10.0	30.0	60.0	0.0	2.50
10004048_20	10004048	20	0.0	0.0	0.0	0.0	0.00
10004048_21	10004048	21	0.0	0.0	20.0	80.0	1.20
10004048_22	10004048	22	40.0	60.0	0.0	0.0	3.40
10004048_25	10004048	25	40.0	60.0	0.0	0.0	3.40
10004048_27	10004048	27	70.0	30.0	0.0	0.0	3.70
10004048_3	10004048	3	0.0	90.0	10.0	0.0	2.90
10004048_34	10004048	34	0.0	0.0	90.0	10.0	1.90
10004048_36	10004048	36	20.0	30.0	10.0	0.0	1.90
10004063_10	10004063	10	0.0	70.0	30.0	0.0	2.70
10004063_17	10004063	17	40.0	36.0	8.0	16.0	3.00
10004063_18	10004063	18	86.7	13.3	0.0	0.0	3.87
10004063_19	10004063	19	64.4	35.6	0.0	0.0	3.64
10004063_20	10004063	20	77.1	11.5	11.4	0.0	3.66
10004063_21	10004063	21	61.4	38.6	0.0	0.0	3.61
10004063_22	10004063	22	100.0	0.0	0.0	0.0	4.00
10004063_23	10004063	23	36.7	50.0	13.3	0.0	3.23
10004063_24	10004063	24	46.7	16.7	23.3	13.4	2.97
10004063_27	10004063	27	100.0	0.0	0.0	0.0	4.00
10004063_30	10004063	30	34.0	50.0	16.0	0.0	3.18
10004063_32	10004063	32	36.7	63.3	0.0	0.0	3.37
10004063_36	10004063	36	100.0	0.0	0.0	0.0	4.00
10004078_15	10004078	15	10.0	70.0	20.0	0.0	2.90
10004078_19	10004078	19	0.0	60.0	40.0	0.0	2.60
10004078_22	10004078	22	0.0	50.0	50.0	0.0	2.50
10004078_26	10004078	26	40.0	50.0	10.0	0.0	3.30
10004078_3	10004078	3	20.0	60.0	20.0	0.0	3.00
10004078_36	10004078	36	0.0	80.0	20.0	0.0	2.80
10004078_4	10004078	4	0.0	60.0	40.0	0.0	2.60
10004113_10	10004113	10	0.0	60.0	30.0	10.0	2.50
10004113_11	10004113	11	13.3	60.0	26.7	0.0	2.87
10004113_12	10004113	12	48.6	40.0	11.4	0.0	3.37
10004113_13	10004113	13	10.0	58.0	24.0	8.0	2.70
10004113_14	10004113	14	20.0	70.0	10.0	0.0	3.10
10004113_16	10004113	16	60.0	40.0	0.0	0.0	3.60
10004113_17	10004113	17	10.0	30.0	60.0	0.0	2.50
10004113_19	10004113	19	27.1	50.0	22.9	0.0	3.04
10004113_22	10004113	22	90.0	10.0	0.0	0.0	3.90
10004113_25	10004113	25	30.0	70.0	0.0	0.0	3.30
10004113_26	10004113	26	75.0	25.0	0.0	0.0	3.75
10004113_27	10004113	27	0.0	53.3	46.7	0.0	2.53
10004113_29	10004113	29	10.0	63.3	13.4	13.3	2.70
10004113_34	10004113	34	66.7	26.6	6.7	0.0	3.60
10004113_36	10004113	36	55.0	40.0	5.0	0.0	3.50
10004113_8	10004113	8	26.7	46.6	26.7	0.0	3.00
10004113_9	10004113	9	0.0	26.7	73.3	0.0	2.27
10004180_11	10004180	11	20.0	40.0	0.0	0.0	2.00
10004180_15	10004180	15	0.0	86.7	13.3	0.0	2.87
10004180_19	10004180	19	40.0	30.0	20.0	10.0	3.00
10004180_22	10004180	22	0.0	50.0	50.0	0.0	2.50
10004180_23	10004180	23	40.0	60.0	0.0	0.0	3.40
10004180_25	10004180	25	36.7	63.3	0.0	0.0	3.37
10004180_29	10004180	29	63.3	36.7	0.0	0.0	3.63
10004180_3	10004180	3	45.7	54.3	0.0	0.0	3.46
10004180_30	10004180	30	40.0	60.0	0.0	0.0	3.40
10004180_32	10004180	32	0.0	50.0	50.0	0.0	2.50
10004180_34	10004180	34	26.7	60.0	0.0	13.3	3.00
10004180_35	10004180	35	0.0	60.0	40.0	0.0	2.60
10004180_7	10004180	7	0.0	60.0	40.0	0.0	2.60
10004351_11	10004351	11	0.0	23.3	30.0	33.4	1.63
10004351_17	10004351	17	40.0	60.0	0.0	0.0	3.40
10004351_19	10004351	19	18.0	74.0	8.0	0.0	3.10
10004351_20	10004351	20	26.7	63.3	10.0	0.0	3.17
10004351_22	10004351	22	40.0	26.7	20.0	0.0	2.80
10004351_3	10004351	3	20.0	50.0	30.0	0.0	2.90
10004351_34	10004351	34	26.7	73.3	0.0	0.0	3.27
10004351_35	10004351	35	36.7	36.6	0.0	26.7	2.83
10004351_36	10004351	36	0.0	76.7	23.3	0.0	2.77
10004351_4	10004351	4	0.0	100.0	0.0	0.0	3.00
10004775_34	10004775	34	40.0	50.0	10.0	0.0	3.30
10004797_11	10004797	11	30.0	50.0	20.0	0.0	3.10
10004797_15	10004797	15	40.0	10.0	50.0	0.0	2.90
10004797_16	10004797	16	0.0	40.0	60.0	0.0	2.40
10004797_17	10004797	17	0.0	40.0	60.0	0.0	2.40
10004797_19	10004797	19	13.3	86.7	0.0	0.0	3.13
10004797_20	10004797	20	0.0	20.0	80.0	0.0	2.20
10004797_22	10004797	22	30.0	30.0	40.0	0.0	2.90
10004797_25	10004797	25	0.0	0.0	33.3	66.7	1.33
10004797_26	10004797	26	0.0	0.0	100.0	0.0	2.00
10004797_28	10004797	28	30.0	50.0	20.0	0.0	3.10
10004797_29	10004797	29	26.7	60.0	13.3	0.0	3.13
10004797_3	10004797	3	53.3	46.7	0.0	0.0	3.53
10004797_30	10004797	30	20.0	60.0	20.0	0.0	3.00
10004797_34	10004797	34	13.3	46.7	13.3	0.0	2.20
10004797_36	10004797	36	20.0	50.0	30.0	0.0	2.90
10004797_4	10004797	4	73.3	26.7	0.0	0.0	3.73
10004930_11	10004930	11	40.0	0.0	20.0	0.0	2.00
10004930_15	10004930	15	0.0	50.0	40.0	10.0	2.40
10004930_16	10004930	16	40.0	60.0	0.0	0.0	3.40
10004930_17	10004930	17	0.0	20.0	80.0	0.0	2.20
10004930_19	10004930	19	26.7	73.3	0.0	0.0	3.27
10004930_20	10004930	20	0.0	20.0	80.0	0.0	2.20
10004930_21	10004930	21	40.0	10.0	30.0	20.0	2.70
10004930_25	10004930	25	0.0	0.0	60.0	40.0	1.60
10004930_29	10004930	29	0.0	100.0	0.0	0.0	3.00
10004930_3	10004930	3	40.0	50.0	10.0	0.0	3.30
10004930_30	10004930	30	10.0	80.0	10.0	0.0	3.00
10004930_32	10004930	32	0.0	0.0	80.0	20.0	1.80
10004930_34	10004930	34	0.0	40.0	20.0	40.0	2.00
10004930_35	10004930	35	60.0	0.0	40.0	0.0	3.20
10004930_36	10004930	36	0.0	0.0	40.0	60.0	1.40
10004930_4	10004930	4	0.0	60.0	40.0	0.0	2.60
10004930_5	10004930	5	30.0	50.0	0.0	20.0	2.90
10005337_24	10005337	24	0.0	60.0	40.0	0.0	2.60
10005337_28	10005337	28	30.0	70.0	0.0	0.0	3.30
10005337_3	10005337	3	0.0	30.0	70.0	0.0	2.30
10005337_36	10005337	36	0.0	20.0	50.0	30.0	1.90
10005337_4	10005337	4	40.0	0.0	60.0	0.0	2.80
10005343_1	10005343	1	75.0	20.0	5.0	0.0	3.70
10005343_10	10005343	10	0.0	80.0	20.0	0.0	2.80
10005343_11	10005343	11	13.3	86.7	0.0	0.0	3.13
10005343_12	10005343	12	13.3	80.0	6.7	0.0	3.07
10005343_13	10005343	13	50.0	50.0	0.0	0.0	3.50
10005343_14	10005343	14	30.0	60.0	10.0	0.0	3.20
10005343_16	10005343	16	20.0	70.0	10.0	0.0	3.10
10005343_17	10005343	17	40.0	10.0	40.0	10.0	2.80
10005343_19	10005343	19	26.7	53.3	13.3	6.7	3.00
10005343_2	10005343	2	20.0	50.0	30.0	0.0	2.90
10005343_20	10005343	20	80.0	20.0	0.0	0.0	3.80
10005343_21	10005343	21	50.0	40.0	10.0	0.0	3.40
10005343_22	10005343	22	30.0	70.0	0.0	0.0	3.30
10005343_23	10005343	23	10.0	23.3	26.7	26.7	1.90
10005343_24	10005343	24	100.0	0.0	0.0	0.0	4.00
10005343_25	10005343	25	46.7	53.3	0.0	0.0	3.47
10005343_28	10005343	28	76.7	23.3	0.0	0.0	3.77
10005343_29	10005343	29	60.0	40.0	0.0	0.0	3.60
10005343_3	10005343	3	25.0	75.0	0.0	0.0	3.25
10005343_30	10005343	30	40.0	60.0	0.0	0.0	3.40
10005343_32	10005343	32	60.0	40.0	0.0	0.0	3.60
10005343_35	10005343	35	20.0	10.0	60.0	10.0	2.40
10005343_4	10005343	4	73.3	26.7	0.0	0.0	3.73
10005343_6	10005343	6	70.0	30.0	0.0	0.0	3.70
10005343_7	10005343	7	20.0	80.0	0.0	0.0	3.20
10005343_8	10005343	8	40.0	60.0	0.0	0.0	3.40
10005343_9	10005343	9	8.0	76.0	16.0	0.0	2.92
10005500_11	10005500	11	0.0	23.3	23.4	53.3	1.70
10005500_15	10005500	15	0.0	70.0	30.0	0.0	2.70
10005500_16	10005500	16	0.0	0.0	50.0	50.0	1.50
10005500_19	10005500	19	50.0	10.0	40.0	0.0	3.10
10005500_20	10005500	20	0.0	20.0	80.0	0.0	2.20
10005500_21	10005500	21	0.0	20.0	80.0	0.0	2.20
10005500_3	10005500	3	26.7	73.3	0.0	0.0	3.27
10005500_34	10005500	34	20.0	70.0	10.0	0.0	3.10
10005500_36	10005500	36	20.0	60.0	20.0	0.0	3.00
10005523_35	10005523	35	0.0	50.0	50.0	0.0	2.50
10005545_6	10005545	6	0.0	0.0	20.0	40.0	0.80
10005553_10	10005553	10	80.0	20.0	0.0	0.0	3.80
10005553_11	10005553	11	40.0	13.3	26.7	20.0	2.73
10005553_17	10005553	17	60.0	40.0	0.0	0.0	3.60
10005553_18	10005553	18	60.0	20.0	20.0	0.0	3.40
10005553_19	10005553	19	32.0	42.0	26.0	0.0	3.06
10005553_21	10005553	21	26.7	50.0	23.3	0.0	3.03
10005553_28	10005553	28	50.0	50.0	0.0	0.0	3.50
10005553_29	10005553	29	40.0	50.0	10.0	0.0	3.30
10005553_30	10005553	30	50.0	50.0	0.0	0.0	3.50
10005553_31	10005553	31	0.0	40.0	60.0	0.0	2.40
10005553_35	10005553	35	18.3	81.7	0.0	0.0	3.18
10005553_36	10005553	36	40.0	60.0	0.0	0.0	3.40
10005553_4	10005553	4	73.3	26.7	0.0	0.0	3.73
10005553_5	10005553	5	13.3	60.0	26.7	0.0	2.87
10005553_7	10005553	7	46.7	53.3	0.0	0.0	3.47
10005553_9	10005553	9	13.3	73.4	13.3	0.0	3.00
10005561_35	10005561	35	60.0	40.0	0.0	0.0	3.60
10005700_6	10005700	6	76.8	6.4	12.6	4.2	3.56
10005790_13	10005790	13	0.0	60.0	40.0	0.0	2.60
10005790_16	10005790	16	53.3	46.7	0.0	0.0	3.53
10005790_19	10005790	19	20.0	30.0	50.0	0.0	2.70
10005790_25	10005790	25	0.0	50.0	10.0	40.0	2.10
10005790_26	10005790	26	30.0	40.0	30.0	0.0	3.00
10005790_29	10005790	29	13.3	36.7	36.7	13.3	2.50
10005790_3	10005790	3	0.0	86.7	13.3	0.0	2.87
10005790_30	10005790	30	13.3	50.0	36.7	0.0	2.77
10005790_34	10005790	34	73.3	26.7	0.0	0.0	3.73
10005790_36	10005790	36	26.7	63.3	10.0	0.0	3.17
10005790_5	10005790	5	0.0	46.7	53.3	0.0	2.47
10006022_15	10006022	15	0.0	0.0	0.0	20.0	0.20
10006022_26	10006022	26	0.0	0.0	20.0	80.0	1.20
10006022_34	10006022	34	0.0	0.0	36.7	50.0	1.23
10006022_36	10006022	36	0.0	0.0	50.0	10.0	1.10
10006299_11	10006299	11	0.0	20.0	80.0	0.0	2.20
10006299_15	10006299	15	0.0	40.0	30.0	30.0	2.10
10006299_19	10006299	19	0.0	50.0	50.0	0.0	2.50
10006299_25	10006299	25	0.0	0.0	60.0	40.0	1.60
10006299_26	10006299	26	40.0	40.0	20.0	0.0	3.20
10006299_34	10006299	34	0.0	60.0	30.0	10.0	2.50
10006299_36	10006299	36	0.0	20.0	20.0	60.0	1.60
10006299_4	10006299	4	40.0	60.0	0.0	0.0	3.40
10006427_34	10006427	34	40.0	50.0	10.0	0.0	3.30
10006566_11	10006566	11	0.0	0.0	10.0	90.0	1.10
10006566_25	10006566	25	0.0	0.0	20.0	80.0	1.20
10006566_3	10006566	3	0.0	40.0	60.0	0.0	2.40
10006566_35	10006566	35	0.0	0.0	40.0	60.0	1.40
10006566_36	10006566	36	0.0	0.0	0.0	0.0	0.00
10006840_1	10006840	1	54.1	36.5	9.4	0.0	3.45
10006840_10	10006840	10	10.0	42.0	32.0	0.0	2.30
10006840_11	10006840	11	52.0	48.0	0.0	0.0	3.52
10006840_12	10006840	12	40.0	53.4	6.7	0.0	3.33
10006840_13	10006840	13	40.0	50.0	5.0	5.0	3.25
10006840_14	10006840	14	13.3	50.0	36.7	0.0	2.77
10006840_17	10006840	17	50.0	50.0	0.0	0.0	3.50
10006840_18	10006840	18	26.7	46.6	26.7	0.0	3.00
10006840_19	10006840	19	30.0	50.0	20.0	0.0	3.10
10006840_2	10006840	2	58.0	42.0	0.0	0.0	3.58
10006840_20	10006840	20	20.0	40.0	30.0	10.0	2.70
10006840_21	10006840	21	40.0	40.0	13.3	6.7	3.13
10006840_22	10006840	22	20.0	70.0	10.0	0.0	3.10
10006840_25	10006840	25	36.7	50.0	13.3	0.0	3.23
10006840_26	10006840	26	60.0	40.0	0.0	0.0	3.60
10006840_27	10006840	27	50.0	50.0	0.0	0.0	3.50
10006840_28	10006840	28	0.0	80.0	20.0	0.0	2.80
10006840_29	10006840	29	26.0	74.0	0.0	0.0	3.26
10006840_3	10006840	3	60.0	40.0	0.0	0.0	3.60
10006840_30	10006840	30	58.0	42.0	0.0	0.0	3.58
10006840_31	10006840	31	46.7	53.3	0.0	0.0	3.47
10006840_32	10006840	32	80.0	20.0	0.0	0.0	3.80
10006840_33	10006840	33	60.0	40.0	0.0	0.0	3.60
10006840_34	10006840	34	40.0	60.0	0.0	0.0	3.40
10006840_35	10006840	35	25.0	45.0	20.0	10.0	2.85
10006840_4	10006840	4	68.0	32.0	0.0	0.0	3.68
10006840_5	10006840	5	10.0	66.0	24.0	0.0	2.86
10006840_7	10006840	7	10.0	90.0	0.0	0.0	3.10
10006840_8	10006840	8	0.0	80.0	20.0	0.0	2.80
10006840_9	10006840	9	24.0	26.0	42.0	8.0	2.66
10006841_15	10006841	15	0.0	40.0	60.0	0.0	2.40
10006841_16	10006841	16	0.0	0.0	10.0	10.0	0.30
10006841_22	10006841	22	0.0	0.0	0.0	60.0	0.60
10006841_25	10006841	25	0.0	40.0	60.0	0.0	2.40
10006841_29	10006841	29	60.0	40.0	0.0	0.0	3.60
10006841_36	10006841	36	0.0	0.0	30.0	30.0	0.90
10006841_4	10006841	4	0.0	40.0	60.0	0.0	2.40
10006842_1	10006842	1	57.8	37.8	4.4	0.0	3.53
10006842_10	10006842	10	18.0	74.0	8.0	0.0	3.10
10006842_11	10006842	11	40.0	60.0	0.0	0.0	3.40
10006842_13	10006842	13	0.0	100.0	0.0	0.0	3.00
10006842_15	10006842	15	20.0	70.0	10.0	0.0	3.10
10006842_16	10006842	16	26.7	73.3	0.0	0.0	3.27
10006842_17	10006842	17	23.4	43.3	28.4	5.0	2.85
10006842_19	10006842	19	56.7	43.3	0.0	0.0	3.57
10006842_2	10006842	2	90.0	10.0	0.0	0.0	3.90
10006842_20	10006842	20	0.0	100.0	0.0	0.0	3.00
10006842_21	10006842	21	50.0	10.0	20.0	20.0	2.90
10006842_22	10006842	22	26.7	73.3	0.0	0.0	3.27
10006842_28	10006842	28	20.0	40.0	26.7	13.3	2.67
10006842_29	10006842	29	30.0	70.0	0.0	0.0	3.30
10006842_30	10006842	30	46.7	40.0	13.3	0.0	3.33
10006842_31	10006842	31	0.0	40.0	40.0	20.0	2.20
10006842_32	10006842	32	0.0	60.0	40.0	0.0	2.60
10006842_35	10006842	35	40.0	50.0	10.0	0.0	3.30
10006842_36	10006842	36	40.0	50.0	10.0	0.0	3.30
10006842_4	10006842	4	80.0	20.0	0.0	0.0	3.80
10006842_5	10006842	5	0.0	63.3	36.7	0.0	2.63
10006842_6	10006842	6	60.0	33.3	6.7	0.0	3.53
10006842_7	10006842	7	0.0	86.7	13.3	0.0	2.87
10006842_8	10006842	8	60.0	40.0	0.0	0.0	3.60
10006842_9	10006842	9	10.0	70.0	20.0	0.0	2.90
10007114_17	10007114	17	0.0	60.0	40.0	0.0	2.60
10007114_27	10007114	27	20.0	60.0	20.0	0.0	3.00
10007114_28	10007114	28	0.0	60.0	40.0	0.0	2.60
10007114_3	10007114	3	26.7	73.3	0.0	0.0	3.27
10007114_30	10007114	30	50.0	50.0	0.0	0.0	3.50
10007114_7	10007114	7	10.0	90.0	0.0	0.0	3.10
10007137_26	10007137	26	53.3	36.7	10.0	0.0	3.43
10007137_29	10007137	29	0.0	50.0	50.0	0.0	2.50
10007137_30	10007137	30	0.0	20.0	80.0	0.0	2.20
10007137_35	10007137	35	50.0	10.0	40.0	0.0	3.10
10007137_4	10007137	4	0.0	0.0	40.0	60.0	1.40
10007138_12	10007138	12	0.0	40.0	40.0	20.0	2.20
10007138_17	10007138	17	0.0	40.0	10.0	50.0	1.90
10007138_19	10007138	19	0.0	20.0	60.0	20.0	2.00
10007138_25	10007138	25	0.0	80.0	20.0	0.0	2.80
10007138_29	10007138	29	0.0	70.0	30.0	0.0	2.70
10007138_3	10007138	3	0.0	0.0	60.0	40.0	1.60
10007138_30	10007138	30	0.0	50.0	50.0	0.0	2.50
10007138_34	10007138	34	20.0	20.0	60.0	0.0	2.60
10007138_4	10007138	4	0.0	0.0	40.0	20.0	1.00
10007139_17	10007139	17	0.0	20.0	80.0	0.0	2.20
10007139_19	10007139	19	0.0	10.0	70.0	20.0	1.90
10007139_25	10007139	25	0.0	40.0	10.0	50.0	1.90
10007139_26	10007139	26	20.0	20.0	60.0	0.0	2.60
10007139_29	10007139	29	0.0	100.0	0.0	0.0	3.00
10007139_3	10007139	3	0.0	30.0	30.0	0.0	1.50
10007139_30	10007139	30	0.0	70.0	30.0	0.0	2.70
10007139_34	10007139	34	0.0	40.0	60.0	0.0	2.40
10007139_35	10007139	35	0.0	20.0	40.0	0.0	1.40
10007139_4	10007139	4	0.0	40.0	60.0	0.0	2.40
10007139_5	10007139	5	0.0	80.0	20.0	0.0	2.80
10007140_11	10007140	11	40.0	20.0	0.0	0.0	2.20
10007140_16	10007140	16	0.0	50.0	50.0	0.0	2.50
10007140_19	10007140	19	50.0	50.0	0.0	0.0	3.50
10007140_20	10007140	20	0.0	60.0	40.0	0.0	2.60
10007140_22	10007140	22	0.0	90.0	10.0	0.0	2.90
10007140_25	10007140	25	0.0	0.0	70.0	30.0	1.70
10007140_29	10007140	29	40.0	60.0	0.0	0.0	3.40
10007140_3	10007140	3	20.0	80.0	0.0	0.0	3.20
10007140_34	10007140	34	50.0	50.0	0.0	0.0	3.50
10007140_35	10007140	35	40.0	60.0	0.0	0.0	3.40
10007140_36	10007140	36	0.0	100.0	0.0	0.0	3.00
10007141_13	10007141	13	0.0	0.0	90.0	10.0	1.90
10007141_15	10007141	15	0.0	0.0	80.0	20.0	1.80
10007141_16	10007141	16	0.0	0.0	100.0	0.0	2.00
10007141_17	10007141	17	0.0	0.0	80.0	20.0	1.80
10007141_19	10007141	19	40.0	30.0	30.0	0.0	3.10
10007141_20	10007141	20	0.0	50.0	50.0	0.0	2.50
10007141_22	10007141	22	10.0	90.0	0.0	0.0	3.10
10007141_26	10007141	26	0.0	10.0	90.0	0.0	2.10
10007141_28	10007141	28	20.0	30.0	50.0	0.0	2.70
10007141_29	10007141	29	0.0	80.0	20.0	0.0	2.80
10007141_3	10007141	3	23.3	43.4	33.3	0.0	2.90
10007141_30	10007141	30	0.0	50.0	30.0	20.0	2.30
10007141_34	10007141	34	20.0	40.0	40.0	0.0	2.80
10007141_36	10007141	36	0.0	70.0	30.0	0.0	2.70
10007141_4	10007141	4	46.7	53.3	0.0	0.0	3.47
10007141_9	10007141	9	0.0	50.0	36.7	13.3	2.37
10007143_10	10007143	10	56.7	43.3	0.0	0.0	3.57
10007143_11	10007143	11	30.0	50.0	20.0	0.0	3.10
10007143_15	10007143	15	70.0	30.0	0.0	0.0	3.70
10007143_17	10007143	17	47.2	31.0	19.1	2.9	3.22
10007143_19	10007143	19	24.0	52.0	24.0	0.0	3.00
10007143_20	10007143	20	80.0	20.0	0.0	0.0	3.80
10007143_21	10007143	21	26.7	73.3	0.0	0.0	3.27
10007143_22	10007143	22	26.7	60.0	13.3	0.0	3.13
10007143_24	10007143	24	53.3	46.7	0.0	0.0	3.53
10007143_25	10007143	25	100.0	0.0	0.0	0.0	4.00
10007143_28	10007143	28	30.0	40.0	30.0	0.0	3.00
10007143_29	10007143	29	60.0	30.0	10.0	0.0	3.50
10007143_30	10007143	30	50.0	40.0	10.0	0.0	3.40
10007143_31	10007143	31	50.0	50.0	0.0	0.0	3.50
10007143_32	10007143	32	13.3	60.0	0.0	26.7	2.60
10007143_33	10007143	33	76.7	23.3	0.0	0.0	3.77
10007143_35	10007143	35	80.0	20.0	0.0	0.0	3.80
10007143_4	10007143	4	53.3	20.0	26.7	0.0	3.27
10007143_5	10007143	5	68.0	24.0	8.0	0.0	3.60
10007143_7	10007143	7	60.0	30.0	10.0	0.0	3.50
10007143_8	10007143	8	76.0	24.0	0.0	0.0	3.76
10007143_9	10007143	9	40.0	60.0	0.0	0.0	3.40
10007144_11	10007144	11	0.0	0.0	10.0	90.0	1.10
10007144_15	10007144	15	0.0	0.0	40.0	40.0	1.20
10007144_16	10007144	16	0.0	50.0	10.0	40.0	2.10
10007144_19	10007144	19	10.0	50.0	40.0	0.0	2.70
10007144_20	10007144	20	0.0	90.0	10.0	0.0	2.90
10007144_22	10007144	22	20.0	70.0	10.0	0.0	3.10
10007144_23	10007144	23	53.3	23.4	23.3	0.0	3.30
10007144_25	10007144	25	10.0	50.0	40.0	0.0	2.70
10007144_3	10007144	3	20.0	80.0	0.0	0.0	3.20
10007144_34	10007144	34	0.0	40.0	60.0	0.0	2.40
10007144_35	10007144	35	50.0	30.0	20.0	0.0	3.30
10007144_36	10007144	36	20.0	80.0	0.0	0.0	3.20
10007144_4	10007144	4	100.0	0.0	0.0	0.0	4.00
10007145_16	10007145	16	0.0	50.0	50.0	0.0	2.50
10007145_17	10007145	17	0.0	20.0	80.0	0.0	2.20
10007145_26	10007145	26	40.0	60.0	0.0	0.0	3.40
10007145_29	10007145	29	0.0	40.0	50.0	10.0	2.30
10007145_30	10007145	30	0.0	20.0	60.0	20.0	2.00
10007145_33	10007145	33	0.0	40.0	60.0	0.0	2.40
10007146_10	10007146	10	0.0	10.0	10.0	40.0	0.90
10007146_11	10007146	11	20.0	40.0	40.0	0.0	2.80
10007146_12	10007146	12	30.0	70.0	0.0	0.0	3.30
10007146_13	10007146	13	0.0	20.0	60.0	20.0	2.00
10007146_15	10007146	15	40.0	20.0	40.0	0.0	3.00
10007146_16	10007146	16	0.0	0.0	100.0	0.0	2.00
10007146_19	10007146	19	10.0	70.0	0.0	0.0	2.50
10007146_20	10007146	20	0.0	0.0	0.0	80.0	0.80
10007146_24	10007146	24	20.0	80.0	0.0	0.0	3.20
10007146_25	10007146	25	0.0	0.0	10.0	50.0	0.70
10007146_28	10007146	28	0.0	0.0	0.0	0.0	0.00
10007146_29	10007146	29	0.0	60.0	40.0	0.0	2.60
10007146_3	10007146	3	0.0	55.0	31.7	0.0	2.28
10007146_30	10007146	30	0.0	20.0	60.0	20.0	2.00
10007146_34	10007146	34	0.0	0.0	50.0	50.0	1.50
10007146_4	10007146	4	0.0	20.0	80.0	0.0	2.20
10007146_6	10007146	6	90.0	10.0	0.0	0.0	3.90
10007146_8	10007146	8	0.0	80.0	20.0	0.0	2.80
10007147_11	10007147	11	10.0	40.0	30.0	20.0	2.40
10007147_15	10007147	15	0.0	10.0	70.0	20.0	1.90
10007147_19	10007147	19	0.0	0.0	80.0	20.0	1.80
10007147_29	10007147	29	0.0	70.0	30.0	0.0	2.70
10007147_3	10007147	3	25.0	70.0	5.0	0.0	3.20
10007147_30	10007147	30	100.0	0.0	0.0	0.0	4.00
10007147_32	10007147	32	30.0	50.0	20.0	0.0	3.10
10007147_34	10007147	34	0.0	40.0	60.0	0.0	2.40
10007147_35	10007147	35	20.0	30.0	50.0	0.0	2.70
10007147_4	10007147	4	20.0	40.0	40.0	0.0	2.80
10007147_6	10007147	6	0.0	0.0	60.0	40.0	1.60
10007147_9	10007147	9	0.0	40.0	60.0	0.0	2.40
10007148_11	10007148	11	0.0	40.0	60.0	0.0	2.40
10007148_15	10007148	15	20.0	30.0	30.0	20.0	2.50
10007148_19	10007148	19	36.7	63.3	0.0	0.0	3.37
10007148_22	10007148	22	48.0	44.0	8.0	0.0	3.40
10007148_25	10007148	25	40.0	0.0	50.0	10.0	2.70
10007148_29	10007148	29	0.0	40.0	46.7	13.3	2.27
10007148_3	10007148	3	20.0	80.0	0.0	0.0	3.20
10007148_30	10007148	30	20.0	50.0	30.0	0.0	2.90
10007148_34	10007148	34	0.0	50.0	10.0	40.0	2.10
10007148_35	10007148	35	90.0	10.0	0.0	0.0	3.90
10007148_5	10007148	5	0.0	0.0	60.0	0.0	1.20
10007148_8	10007148	8	0.0	70.0	30.0	0.0	2.70
10007148_9	10007148	9	0.0	0.0	80.0	20.0	1.80
10007149_11	10007149	11	80.0	20.0	0.0	0.0	3.80
10007149_15	10007149	15	0.0	50.0	50.0	0.0	2.50
10007149_17	10007149	17	70.0	30.0	0.0	0.0	3.70
10007149_19	10007149	19	0.0	60.0	32.0	8.0	2.52
10007149_20	10007149	20	0.0	63.3	36.7	0.0	2.63
10007149_21	10007149	21	0.0	76.7	23.3	0.0	2.77
10007149_22	10007149	22	26.7	13.3	60.0	0.0	2.67
10007149_25	10007149	25	0.0	20.0	60.0	20.0	2.00
10007149_26	10007149	26	0.0	90.0	10.0	0.0	2.90
10007149_29	10007149	29	30.0	60.0	10.0	0.0	3.20
10007149_3	10007149	3	70.0	30.0	0.0	0.0	3.70
10007149_30	10007149	30	10.0	80.0	10.0	0.0	3.00
10007149_32	10007149	32	0.0	50.0	50.0	0.0	2.50
10007149_35	10007149	35	13.3	23.4	63.3	0.0	2.50
10007149_4	10007149	4	26.7	73.3	0.0	0.0	3.27
10007149_8	10007149	8	26.7	50.0	23.3	0.0	3.03
10007150_10	10007150	10	20.0	50.0	30.0	0.0	2.90
10007150_11	10007150	11	30.0	70.0	0.0	0.0	3.30
10007150_15	10007150	15	26.7	36.6	36.7	0.0	2.90
10007150_16	10007150	16	0.0	0.0	60.0	40.0	1.60
10007150_18	10007150	18	13.3	50.0	10.0	26.7	2.50
10007150_19	10007150	19	36.0	40.0	24.0	0.0	3.12
10007150_20	10007150	20	52.0	24.0	24.0	0.0	3.28
10007150_21	10007150	21	40.0	60.0	0.0	0.0	3.40
10007150_22	10007150	22	93.3	6.7	0.0	0.0	3.93
10007150_24	10007150	24	10.0	50.0	40.0	0.0	2.70
10007150_26	10007150	26	40.0	20.0	20.0	20.0	2.80
10007150_28	10007150	28	60.0	26.7	13.3	0.0	3.47
10007150_29	10007150	29	36.0	48.0	16.0	0.0	3.20
10007150_3	10007150	3	0.0	60.0	13.3	0.0	2.07
10007150_30	10007150	30	40.0	40.0	20.0	0.0	3.20
10007150_31	10007150	31	60.0	40.0	0.0	0.0	3.60
10007150_32	10007150	32	40.0	50.0	10.0	0.0	3.30
10007150_33	10007150	33	60.0	40.0	0.0	0.0	3.60
10007150_35	10007150	35	36.0	56.0	8.0	0.0	3.28
10007150_4	10007150	4	40.0	60.0	0.0	0.0	3.40
10007150_5	10007150	5	26.7	60.0	13.3	0.0	3.13
10007150_8	10007150	8	13.3	76.7	10.0	0.0	3.03
10007150_9	10007150	9	60.0	40.0	0.0	0.0	3.60
10007151_11	10007151	11	0.0	0.0	10.0	50.0	0.70
10007151_15	10007151	15	0.0	30.0	30.0	0.0	1.50
10007151_16	10007151	16	0.0	0.0	20.0	80.0	1.20
10007151_19	10007151	19	30.0	70.0	0.0	0.0	3.30
10007151_20	10007151	20	0.0	60.0	40.0	0.0	2.60
10007151_21	10007151	21	0.0	10.0	50.0	40.0	1.70
10007151_22	10007151	22	0.0	10.0	70.0	20.0	1.90
10007151_25	10007151	25	20.0	20.0	10.0	50.0	2.10
10007151_26	10007151	26	0.0	50.0	50.0	0.0	2.50
10007151_29	10007151	29	0.0	40.0	60.0	0.0	2.40
10007151_3	10007151	3	40.0	36.7	23.3	0.0	3.17
10007151_30	10007151	30	0.0	40.0	60.0	0.0	2.40
10007151_34	10007151	34	20.0	60.0	10.0	10.0	2.90
10007151_35	10007151	35	0.0	10.0	50.0	0.0	1.30
10007151_36	10007151	36	0.0	100.0	0.0	0.0	3.00
10007151_4	10007151	4	40.0	20.0	40.0	0.0	3.00
10007151_6	10007151	6	40.0	20.0	30.0	10.0	2.90
10007152_11	10007152	11	0.0	50.0	40.0	10.0	2.40
10007152_19	10007152	19	0.0	10.0	90.0	0.0	2.10
10007152_20	10007152	20	0.0	0.0	100.0	0.0	2.00
10007152_22	10007152	22	60.0	40.0	0.0	0.0	3.60
10007152_25	10007152	25	0.0	0.0	60.0	40.0	1.60
10007152_26	10007152	26	0.0	13.3	60.0	26.7	1.87
10007152_29	10007152	29	100.0	0.0	0.0	0.0	4.00
10007152_3	10007152	3	53.3	46.7	0.0	0.0	3.53
10007152_35	10007152	35	0.0	0.0	60.0	40.0	1.60
10007152_36	10007152	36	0.0	60.0	40.0	0.0	2.60
10007152_7	10007152	7	0.0	20.0	70.0	10.0	2.10
10007154_1	10007154	1	71.8	28.2	0.0	0.0	3.72
10007154_10	10007154	10	30.0	63.3	6.7	0.0	3.23
10007154_11	10007154	11	48.0	52.0	0.0	0.0	3.48
10007154_15	10007154	15	47.5	42.5	10.0	0.0	3.38
10007154_16	10007154	16	0.0	100.0	0.0	0.0	3.00
10007154_17	10007154	17	4.0	63.0	25.0	8.0	2.63
10007154_18	10007154	18	18.0	74.0	8.0	0.0	3.10
10007154_19	10007154	19	52.0	32.0	16.0	0.0	3.36
10007154_2	10007154	2	80.0	20.0	0.0	0.0	3.80
10007154_20	10007154	20	53.3	46.7	0.0	0.0	3.53
10007154_21	10007154	21	30.0	50.0	20.0	0.0	3.10
10007154_22	10007154	22	60.0	40.0	0.0	0.0	3.60
10007154_25	10007154	25	100.0	0.0	0.0	0.0	4.00
10007154_27	10007154	27	36.7	56.7	6.7	0.0	3.30
10007154_28	10007154	28	44.3	38.6	17.1	0.0	3.27
10007154_29	10007154	29	60.0	32.0	8.0	0.0	3.52
10007154_3	10007154	3	92.0	8.0	0.0	0.0	3.92
10007154_30	10007154	30	40.0	20.0	40.0	0.0	3.00
10007154_31	10007154	31	40.0	60.0	0.0	0.0	3.40
10007154_32	10007154	32	10.0	70.0	20.0	0.0	2.90
10007154_33	10007154	33	13.3	73.4	13.3	0.0	3.00
10007154_34	10007154	34	0.0	30.0	30.0	0.0	1.50
10007154_35	10007154	35	20.0	80.0	0.0	0.0	3.20
10007154_36	10007154	36	26.7	60.0	13.3	0.0	3.13
10007154_4	10007154	4	60.0	13.3	26.7	0.0	3.33
10007154_5	10007154	5	44.0	48.0	8.0	0.0	3.36
10007154_6	10007154	6	46.7	36.6	10.0	0.0	3.17
10007154_8	10007154	8	26.0	66.0	8.0	0.0	3.18
10007154_9	10007154	9	73.3	26.7	0.0	0.0	3.73
10007155_10	10007155	10	0.0	80.0	20.0	0.0	2.80
10007155_11	10007155	11	40.0	60.0	0.0	0.0	3.40
10007155_12	10007155	12	0.0	50.0	50.0	0.0	2.50
10007155_17	10007155	17	20.0	40.0	40.0	0.0	2.80
10007155_19	10007155	19	58.0	42.0	0.0	0.0	3.58
10007155_2	10007155	2	10.0	70.0	20.0	0.0	2.90
10007155_22	10007155	22	13.3	13.4	73.3	0.0	2.40
10007155_26	10007155	26	50.0	50.0	0.0	0.0	3.50
10007155_27	10007155	27	40.0	44.0	16.0	0.0	3.24
10007155_29	10007155	29	0.0	30.0	70.0	0.0	2.30
10007155_3	10007155	3	46.7	53.3	0.0	0.0	3.47
10007155_36	10007155	36	60.0	40.0	0.0	0.0	3.60
10007155_4	10007155	4	53.3	46.7	0.0	0.0	3.53
10007155_7	10007155	7	10.0	90.0	0.0	0.0	3.10
10007155_9	10007155	9	13.3	50.0	36.7	0.0	2.77
10007156_11	10007156	11	0.0	90.0	10.0	0.0	2.90
10007156_13	10007156	13	0.0	13.3	46.7	26.7	1.60
10007156_16	10007156	16	13.3	73.4	13.3	0.0	3.00
10007156_17	10007156	17	20.0	20.0	60.0	0.0	2.60
10007156_19	10007156	19	40.0	46.7	13.3	0.0	3.27
10007156_22	10007156	22	50.0	50.0	0.0	0.0	3.50
10007156_28	10007156	28	0.0	0.0	80.0	20.0	1.80
10007156_29	10007156	29	0.0	40.0	60.0	0.0	2.40
10007156_3	10007156	3	8.0	58.0	34.0	0.0	2.74
10007156_34	10007156	34	40.0	40.0	20.0	0.0	3.20
10007156_35	10007156	35	0.0	0.0	100.0	0.0	2.00
10007156_36	10007156	36	13.3	50.0	36.7	0.0	2.77
10007156_5	10007156	5	0.0	53.3	46.7	0.0	2.53
10007157_1	10007157	1	74.3	25.7	0.0	0.0	3.74
10007157_10	10007157	10	40.0	60.0	0.0	0.0	3.40
10007157_11	10007157	11	70.0	30.0	0.0	0.0	3.70
10007157_12	10007157	12	28.0	62.0	10.0	0.0	3.18
10007157_13	10007157	13	25.0	65.0	10.0	0.0	3.15
10007157_14	10007157	14	20.0	80.0	0.0	0.0	3.20
10007157_15	10007157	15	36.7	50.0	13.3	0.0	3.23
10007157_16	10007157	16	70.0	30.0	0.0	0.0	3.70
10007157_17	10007157	17	38.4	61.7	0.0	0.0	3.38
10007157_18	10007157	18	40.0	20.0	0.0	0.0	2.20
10007157_19	10007157	19	60.0	40.0	0.0	0.0	3.60
10007157_2	10007157	2	95.0	5.0	0.0	0.0	3.95
10007157_20	10007157	20	26.7	60.0	13.3	0.0	3.13
10007157_21	10007157	21	73.3	26.7	0.0	0.0	3.73
10007157_22	10007157	22	10.0	90.0	0.0	0.0	3.10
10007157_25	10007157	25	100.0	0.0	0.0	0.0	4.00
10007157_27	10007157	27	0.0	70.0	30.0	0.0	2.70
10007157_28	10007157	28	65.0	35.0	0.0	0.0	3.65
10007157_29	10007157	29	52.0	48.0	0.0	0.0	3.52
10007157_3	10007157	3	54.3	45.7	0.0	0.0	3.54
10007157_30	10007157	30	60.0	20.0	20.0	0.0	3.40
10007157_32	10007157	32	23.3	50.0	26.7	0.0	2.97
10007157_33	10007157	33	10.0	50.0	40.0	0.0	2.70
10007157_35	10007157	35	60.0	40.0	0.0	0.0	3.60
10007157_36	10007157	36	60.0	40.0	0.0	0.0	3.60
10007157_4	10007157	4	60.0	40.0	0.0	0.0	3.60
10007157_5	10007157	5	52.0	48.0	0.0	0.0	3.52
10007157_7	10007157	7	26.7	60.0	13.3	0.0	3.13
10007157_8	10007157	8	20.0	80.0	0.0	0.0	3.20
10007157_9	10007157	9	10.0	60.0	30.0	0.0	2.80
10007158_1	10007158	1	61.3	33.4	5.3	0.0	3.56
10007158_10	10007158	10	30.0	70.0	0.0	0.0	3.30
10007158_11	10007158	11	84.0	16.0	0.0	0.0	3.84
10007158_13	10007158	13	54.4	32.3	13.3	0.0	3.41
10007158_15	10007158	15	54.0	36.0	10.0	0.0	3.44
10007158_17	10007158	17	40.0	50.0	10.0	0.0	3.30
10007158_18	10007158	18	10.0	50.0	40.0	0.0	2.70
10007158_19	10007158	19	40.0	60.0	0.0	0.0	3.40
10007158_2	10007158	2	50.0	50.0	0.0	0.0	3.50
10007158_20	10007158	20	0.0	23.3	76.7	0.0	2.23
10007158_21	10007158	21	0.0	60.0	40.0	0.0	2.60
10007158_22	10007158	22	34.0	34.0	24.0	8.0	2.94
10007158_25	10007158	25	76.7	23.3	0.0	0.0	3.77
10007158_28	10007158	28	50.0	50.0	0.0	0.0	3.50
10007158_29	10007158	29	23.3	50.0	26.7	0.0	2.97
10007158_3	10007158	3	100.0	0.0	0.0	0.0	4.00
10007158_30	10007158	30	60.0	30.0	10.0	0.0	3.50
10007158_32	10007158	32	0.0	30.0	70.0	0.0	2.30
10007158_34	10007158	34	0.0	70.0	30.0	0.0	2.70
10007158_35	10007158	35	100.0	0.0	0.0	0.0	4.00
10007158_4	10007158	4	80.0	20.0	0.0	0.0	3.80
10007158_5	10007158	5	40.0	60.0	0.0	0.0	3.40
10007158_7	10007158	7	65.0	25.0	0.0	0.0	3.35
10007158_8	10007158	8	50.0	42.0	8.0	0.0	3.42
10007158_9	10007158	9	60.0	40.0	0.0	0.0	3.60
10007159_11	10007159	11	0.0	40.0	20.0	40.0	2.00
10007159_12	10007159	12	0.0	0.0	80.0	20.0	1.80
10007159_19	10007159	19	10.0	10.0	80.0	0.0	2.30
10007159_20	10007159	20	0.0	0.0	30.0	70.0	1.30
10007159_22	10007159	22	0.0	0.0	70.0	30.0	1.70
10007159_25	10007159	25	26.7	0.0	36.6	10.0	1.90
10007159_26	10007159	26	0.0	0.0	100.0	0.0	2.00
10007159_29	10007159	29	0.0	10.0	90.0	0.0	2.10
10007159_3	10007159	3	0.0	50.0	50.0	0.0	2.50
10007159_30	10007159	30	0.0	0.0	30.0	70.0	1.30
10007159_34	10007159	34	0.0	26.7	73.3	0.0	2.27
10007159_35	10007159	35	0.0	0.0	0.0	0.0	0.00
10007159_36	10007159	36	40.0	10.0	50.0	0.0	2.90
10007160_10	10007160	10	0.0	40.0	60.0	0.0	2.40
10007160_11	10007160	11	20.0	26.7	53.3	0.0	2.67
10007160_13	10007160	13	17.8	82.2	0.0	0.0	3.18
10007160_15	10007160	15	33.3	56.7	10.0	0.0	3.23
10007160_18	10007160	18	0.0	86.7	13.3	0.0	2.87
10007160_19	10007160	19	0.0	34.0	50.0	16.0	2.18
10007160_20	10007160	20	0.0	40.0	40.0	20.0	2.20
10007160_21	10007160	21	0.0	0.0	40.0	60.0	1.40
10007160_23	10007160	23	26.7	0.0	60.0	13.3	2.40
10007160_26	10007160	26	60.0	40.0	0.0	0.0	3.60
10007160_29	10007160	29	53.3	33.4	13.3	0.0	3.40
10007160_3	10007160	3	65.7	22.9	11.4	0.0	3.54
10007160_35	10007160	35	23.3	76.7	0.0	0.0	3.23
10007160_4	10007160	4	26.7	20.0	53.3	0.0	2.73
10007160_9	10007160	9	40.0	50.0	10.0	0.0	3.30
10007161_11	10007161	11	0.0	0.0	100.0	0.0	2.00
10007161_15	10007161	15	0.0	90.0	10.0	0.0	2.90
10007161_19	10007161	19	10.0	50.0	0.0	0.0	1.90
10007161_22	10007161	22	40.0	60.0	0.0	0.0	3.40
10007161_29	10007161	29	0.0	80.0	20.0	0.0	2.80
10007161_3	10007161	3	26.7	73.3	0.0	0.0	3.27
10007161_30	10007161	30	20.0	80.0	0.0	0.0	3.20
10007161_34	10007161	34	20.0	50.0	30.0	0.0	2.90
10007162_34	10007162	34	46.7	53.3	0.0	0.0	3.47
10007163_1	10007163	1	40.0	40.0	20.0	0.0	3.20
10007163_10	10007163	10	42.7	57.3	0.0	0.0	3.43
10007163_11	10007163	11	86.7	13.3	0.0	0.0	3.87
10007163_15	10007163	15	52.0	44.0	4.0	0.0	3.48
10007163_18	10007163	18	60.0	40.0	0.0	0.0	3.60
10007163_19	10007163	19	21.8	45.5	32.7	0.0	2.89
10007163_2	10007163	2	80.0	20.0	0.0	0.0	3.80
10007163_20	10007163	20	40.0	50.0	10.0	0.0	3.30
10007163_21	10007163	21	56.7	36.6	6.7	0.0	3.50
10007163_23	10007163	23	10.0	50.0	30.0	10.0	2.60
10007163_25	10007163	25	40.0	50.0	10.0	0.0	3.30
10007163_28	10007163	28	20.0	60.0	10.0	10.0	2.90
10007163_29	10007163	29	68.0	32.0	0.0	0.0	3.68
10007163_30	10007163	30	48.0	44.0	8.0	0.0	3.40
10007163_31	10007163	31	40.0	60.0	0.0	0.0	3.40
10007163_32	10007163	32	10.0	63.3	26.7	0.0	2.83
10007163_34	10007163	34	20.0	60.0	20.0	0.0	3.00
10007163_35	10007163	35	50.0	50.0	0.0	0.0	3.50
10007163_4	10007163	4	46.7	53.3	0.0	0.0	3.47
10007163_5	10007163	5	16.0	68.0	16.0	0.0	3.00
10007163_6	10007163	6	100.0	0.0	0.0	0.0	4.00
10007163_8	10007163	8	30.0	70.0	0.0	0.0	3.30
10007163_9	10007163	9	30.0	50.0	20.0	0.0	3.10
10007164_11	10007164	11	20.0	50.0	30.0	0.0	2.90
10007164_15	10007164	15	0.0	30.0	70.0	0.0	2.30
10007164_16	10007164	16	20.0	60.0	20.0	0.0	3.00
10007164_17	10007164	17	10.0	70.0	20.0	0.0	2.90
10007164_19	10007164	19	20.0	60.0	20.0	0.0	3.00
10007164_20	10007164	20	0.0	70.0	30.0	0.0	2.70
10007164_21	10007164	21	20.0	20.0	40.0	20.0	2.40
10007164_22	10007164	22	0.0	60.0	26.7	13.3	2.47
10007164_25	10007164	25	40.0	40.0	10.0	10.0	3.10
10007164_28	10007164	28	0.0	40.0	40.0	20.0	2.20
10007164_29	10007164	29	40.0	50.0	10.0	0.0	3.30
10007164_3	10007164	3	53.3	40.0	6.7	0.0	3.47
10007164_30	10007164	30	50.0	50.0	0.0	0.0	3.50
10007164_32	10007164	32	40.0	30.0	30.0	0.0	3.10
10007164_34	10007164	34	50.0	50.0	0.0	0.0	3.50
10007164_36	10007164	36	13.3	86.7	0.0	0.0	3.13
10007164_6	10007164	6	40.0	50.0	10.0	0.0	3.30
10007165_11	10007165	11	0.0	13.3	73.4	13.3	2.00
10007165_16	10007165	16	40.0	50.0	10.0	0.0	3.30
10007165_19	10007165	19	13.3	26.7	36.7	23.3	2.30
10007165_20	10007165	20	0.0	40.0	33.3	26.7	2.13
10007165_21	10007165	21	0.0	70.0	30.0	0.0	2.70
10007165_27	10007165	27	0.0	40.0	60.0	0.0	2.40
10007165_28	10007165	28	0.0	40.0	20.0	0.0	1.60
10007165_29	10007165	29	50.0	36.7	13.3	0.0	3.37
10007165_3	10007165	3	13.3	86.7	0.0	0.0	3.13
10007165_30	10007165	30	0.0	40.0	30.0	30.0	2.10
10007165_34	10007165	34	63.3	36.7	0.0	0.0	3.63
10007165_36	10007165	36	86.7	13.3	0.0	0.0	3.87
10007165_4	10007165	4	0.0	100.0	0.0	0.0	3.00
10007166_12	10007166	12	0.0	10.0	90.0	0.0	2.10
10007166_16	10007166	16	0.0	0.0	90.0	10.0	1.90
10007166_19	10007166	19	10.0	10.0	80.0	0.0	2.30
10007166_20	10007166	20	0.0	0.0	40.0	20.0	1.00
10007166_25	10007166	25	0.0	40.0	60.0	0.0	2.40
10007166_26	10007166	26	10.0	70.0	20.0	0.0	2.90
10007166_27	10007166	27	0.0	20.0	30.0	30.0	1.50
10007166_28	10007166	28	0.0	80.0	20.0	0.0	2.80
10007166_29	10007166	29	0.0	0.0	60.0	0.0	1.20
10007166_3	10007166	3	0.0	10.0	60.0	20.0	1.70
10007166_30	10007166	30	0.0	100.0	0.0	0.0	3.00
10007166_34	10007166	34	0.0	40.0	10.0	30.0	1.70
10007166_36	10007166	36	60.0	40.0	0.0	0.0	3.60
10007167_10	10007167	10	20.0	60.0	20.0	0.0	3.00
10007167_11	10007167	11	80.0	20.0	0.0	0.0	3.80
10007167_13	10007167	13	0.0	100.0	0.0	0.0	3.00
10007167_17	10007167	17	63.3	36.7	0.0	0.0	3.63
10007167_18	10007167	18	40.0	50.0	10.0	0.0	3.30
10007167_19	10007167	19	50.0	23.3	26.7	0.0	3.23
10007167_2	10007167	2	80.0	20.0	0.0	0.0	3.80
10007167_20	10007167	20	80.0	20.0	0.0	0.0	3.80
10007167_21	10007167	21	60.0	26.7	13.3	0.0	3.47
10007167_22	10007167	22	100.0	0.0	0.0	0.0	4.00
10007167_23	10007167	23	100.0	0.0	0.0	0.0	4.00
10007167_25	10007167	25	73.3	26.7	0.0	0.0	3.73
10007167_28	10007167	28	60.0	40.0	0.0	0.0	3.60
10007167_29	10007167	29	68.0	24.0	8.0	0.0	3.60
10007167_30	10007167	30	50.0	50.0	0.0	0.0	3.50
10007167_32	10007167	32	0.0	26.7	73.3	0.0	2.27
10007167_34	10007167	34	86.7	13.3	0.0	0.0	3.87
10007167_35	10007167	35	10.0	55.0	35.0	0.0	2.75
10007167_4	10007167	4	46.7	53.3	0.0	0.0	3.47
10007167_5	10007167	5	92.0	8.0	0.0	0.0	3.92
10007167_7	10007167	7	40.0	33.3	26.7	0.0	3.13
10007167_8	10007167	8	40.0	60.0	0.0	0.0	3.40
10007167_9	10007167	9	40.0	20.0	20.0	20.0	2.80
10007657_34	10007657	34	0.0	0.0	0.0	40.0	0.40
10007657_6	10007657	6	0.0	0.0	0.0	40.0	0.40
10007713_19	10007713	19	0.0	0.0	10.0	10.0	0.30
10007713_25	10007713	25	0.0	0.0	80.0	10.0	1.70
10007713_26	10007713	26	0.0	0.0	40.0	60.0	1.40
10007713_29	10007713	29	0.0	50.0	10.0	40.0	2.10
10007713_3	10007713	3	0.0	80.0	0.0	20.0	2.60
10007713_33	10007713	33	0.0	10.0	70.0	20.0	1.90
10007713_35	10007713	35	40.0	20.0	40.0	0.0	3.00
10007713_36	10007713	36	0.0	20.0	40.0	40.0	1.80
10007713_4	10007713	4	40.0	60.0	0.0	0.0	3.40
10007759_11	10007759	11	40.0	60.0	0.0	0.0	3.40
10007759_13	10007759	13	26.7	73.3	0.0	0.0	3.27
10007759_15	10007759	15	26.7	46.6	13.4	13.3	2.87
10007759_19	10007759	19	26.7	73.3	0.0	0.0	3.27
10007759_27	10007759	27	30.0	50.0	20.0	0.0	3.10
10007759_28	10007759	28	60.0	13.3	26.7	0.0	3.33
10007759_3	10007759	3	55.7	38.6	5.7	0.0	3.50
10007760_11	10007760	11	0.0	63.3	10.0	26.7	2.37
10007760_18	10007760	18	0.0	70.0	20.0	10.0	2.60
10007760_19	10007760	19	10.0	50.0	40.0	0.0	2.70
10007760_20	10007760	20	20.0	40.0	40.0	0.0	2.80
10007760_21	10007760	21	40.0	50.0	10.0	0.0	3.30
10007760_23	10007760	23	40.0	50.0	10.0	0.0	3.30
10007760_28	10007760	28	30.0	60.0	10.0	0.0	3.20
10007760_29	10007760	29	10.0	60.0	30.0	0.0	2.80
10007760_30	10007760	30	32.0	68.0	0.0	0.0	3.32
10007760_32	10007760	32	40.0	30.0	30.0	0.0	3.10
10007760_34	10007760	34	40.0	60.0	0.0	0.0	3.40
10007760_4	10007760	4	100.0	0.0	0.0	0.0	4.00
10007760_5	10007760	5	44.0	38.0	14.0	0.0	3.18
10007760_7	10007760	7	60.0	32.0	8.0	0.0	3.52
10007761_34	10007761	34	40.0	60.0	0.0	0.0	3.40
10007762_11	10007762	11	0.0	30.0	30.0	40.0	1.90
10007762_15	10007762	15	0.0	13.3	86.7	0.0	2.13
10007762_16	10007762	16	0.0	90.0	10.0	0.0	2.90
10007762_19	10007762	19	0.0	50.0	50.0	0.0	2.50
10007762_22	10007762	22	80.0	10.0	10.0	0.0	3.70
10007762_25	10007762	25	0.0	60.0	40.0	0.0	2.60
10007762_3	10007762	3	48.0	52.0	0.0	0.0	3.48
10007762_30	10007762	30	0.0	80.0	20.0	0.0	2.80
10007762_36	10007762	36	20.0	60.0	20.0	0.0	3.00
10007764_10	10007764	10	30.0	54.0	16.0	0.0	3.14
10007764_11	10007764	11	40.0	60.0	0.0	0.0	3.40
10007764_15	10007764	15	60.0	38.1	1.9	0.0	3.58
10007764_16	10007764	16	55.7	21.4	22.9	0.0	3.33
10007764_19	10007764	19	18.0	82.0	0.0	0.0	3.18
10007764_28	10007764	28	90.0	10.0	0.0	0.0	3.90
10007764_34	10007764	34	90.0	10.0	0.0	0.0	3.90
10007764_4	10007764	4	80.0	20.0	0.0	0.0	3.80
10007764_6	10007764	6	60.0	40.0	0.0	0.0	3.60
10007764_7	10007764	7	13.3	86.7	0.0	0.0	3.13
10007764_8	10007764	8	10.0	80.0	10.0	0.0	3.00
10007764_9	10007764	9	50.0	36.7	13.3	0.0	3.37
10007765_33	10007765	33	40.0	60.0	0.0	0.0	3.40
10007767_10	10007767	10	0.0	50.0	30.0	20.0	2.30
10007767_11	10007767	11	0.0	40.0	40.0	20.0	2.20
10007767_15	10007767	15	20.0	50.0	30.0	0.0	2.90
10007767_19	10007767	19	0.0	36.7	50.0	13.3	2.23
10007767_2	10007767	2	90.0	10.0	0.0	0.0	3.90
10007767_20	10007767	20	53.3	10.0	36.7	0.0	3.17
10007767_21	10007767	21	70.0	30.0	0.0	0.0	3.70
10007767_22	10007767	22	20.0	60.0	20.0	0.0	3.00
10007767_29	10007767	29	0.0	80.0	20.0	0.0	2.80
10007767_3	10007767	3	76.0	24.0	0.0	0.0	3.76
10007767_30	10007767	30	0.0	100.0	0.0	0.0	3.00
10007767_32	10007767	32	80.0	20.0	0.0	0.0	3.80
10007767_35	10007767	35	40.0	20.0	40.0	0.0	3.00
10007767_4	10007767	4	40.0	20.0	40.0	0.0	3.00
10007767_5	10007767	5	40.0	20.0	40.0	0.0	3.00
10007767_7	10007767	7	0.0	80.0	20.0	0.0	2.80
10007767_9	10007767	9	0.0	40.0	10.0	10.0	1.50
10007768_10	10007768	10	76.7	23.3	0.0	0.0	3.77
10007768_11	10007768	11	50.0	50.0	0.0	0.0	3.50
10007768_15	10007768	15	36.7	63.3	0.0	0.0	3.37
10007768_19	10007768	19	47.7	36.9	15.4	0.0	3.32
10007768_20	10007768	20	20.0	80.0	0.0	0.0	3.20
10007768_23	10007768	23	80.0	20.0	0.0	0.0	3.80
10007768_25	10007768	25	20.0	50.0	30.0	0.0	2.90
10007768_29	10007768	29	66.7	33.3	0.0	0.0	3.67
10007768_3	10007768	3	34.3	60.0	5.7	0.0	3.29
10007768_30	10007768	30	36.7	63.3	0.0	0.0	3.37
10007768_33	10007768	33	86.7	13.3	0.0	0.0	3.87
10007768_34	10007768	34	30.0	60.0	10.0	0.0	3.20
10007768_4	10007768	4	53.3	20.0	26.7	0.0	3.27
10007768_7	10007768	7	68.0	32.0	0.0	0.0	3.68
10007768_8	10007768	8	20.0	80.0	0.0	0.0	3.20
10007768_9	10007768	9	10.0	70.0	20.0	0.0	2.90
10007769_19	10007769	19	46.4	31.8	10.9	3.6	3.06
10007771_1	10007771	1	88.6	0.0	11.4	0.0	3.77
10007771_2	10007771	2	76.3	20.7	3.0	0.0	3.73
10007772_11	10007772	11	0.0	90.0	10.0	0.0	2.90
10007772_13	10007772	13	0.0	80.0	20.0	0.0	2.80
10007772_14	10007772	14	0.0	40.0	20.0	0.0	1.60
10007772_16	10007772	16	40.0	20.0	0.0	40.0	2.60
10007772_19	10007772	19	10.0	30.0	60.0	0.0	2.50
10007772_29	10007772	29	40.0	30.0	30.0	0.0	3.10
10007772_3	10007772	3	0.0	26.7	73.3	0.0	2.27
10007772_36	10007772	36	0.0	50.0	50.0	0.0	2.50
10007772_7	10007772	7	20.0	80.0	0.0	0.0	3.20
10007773_10	10007773	10	0.0	26.7	46.6	0.0	1.73
10007773_11	10007773	11	0.0	50.0	50.0	0.0	2.50
10007773_13	10007773	13	0.0	86.7	13.3	0.0	2.87
10007773_17	10007773	17	20.0	80.0	0.0	0.0	3.20
10007773_19	10007773	19	50.0	50.0	0.0	0.0	3.50
10007773_22	10007773	22	26.7	46.6	26.7	0.0	3.00
10007773_23	10007773	23	60.0	24.0	16.0	0.0	3.44
10007773_24	10007773	24	23.3	76.7	0.0	0.0	3.23
10007773_25	10007773	25	60.0	20.0	20.0	0.0	3.40
10007773_29	10007773	29	46.7	53.3	0.0	0.0	3.47
10007773_3	10007773	3	10.0	90.0	0.0	0.0	3.10
10007773_30	10007773	30	50.0	50.0	0.0	0.0	3.50
10007773_31	10007773	31	40.0	40.0	20.0	0.0	3.20
10007773_32	10007773	32	10.0	10.0	80.0	0.0	2.30
10007773_33	10007773	33	0.0	30.0	70.0	0.0	2.30
10007773_34	10007773	34	26.7	60.0	13.3	0.0	3.13
10007773_35	10007773	35	60.0	40.0	0.0	0.0	3.60
10007773_7	10007773	7	5.7	71.4	22.9	0.0	2.83
10007774_1	10007774	1	82.4	17.6	0.0	0.0	3.82
10007774_10	10007774	10	87.5	12.5	0.0	0.0	3.88
10007774_11	10007774	11	60.0	20.0	10.0	0.0	3.20
10007774_13	10007774	13	90.0	10.0	0.0	0.0	3.90
10007774_15	10007774	15	84.0	12.0	4.0	0.0	3.80
10007774_17	10007774	17	38.4	51.7	10.0	0.0	3.28
10007774_18	10007774	18	64.4	22.3	13.3	0.0	3.51
10007774_19	10007774	19	44.0	48.0	8.0	0.0	3.36
10007774_2	10007774	2	90.0	10.0	0.0	0.0	3.90
10007774_20	10007774	20	60.0	33.3	6.7	0.0	3.53
10007774_21	10007774	21	86.7	13.3	0.0	0.0	3.87
10007774_22	10007774	22	100.0	0.0	0.0	0.0	4.00
10007774_23	10007774	23	60.0	30.0	10.0	0.0	3.50
10007774_24	10007774	24	47.2	46.0	6.9	0.0	3.40
10007774_25	10007774	25	84.0	16.0	0.0	0.0	3.84
10007774_27	10007774	27	40.0	35.0	15.0	10.0	3.05
10007774_28	10007774	28	24.6	37.7	19.2	12.3	2.62
10007774_29	10007774	29	60.0	40.0	0.0	0.0	3.60
10007774_30	10007774	30	44.3	47.1	5.7	2.9	3.33
10007774_31	10007774	31	65.0	30.0	5.0	0.0	3.60
10007774_32	10007774	32	60.0	20.0	20.0	0.0	3.40
10007774_33	10007774	33	40.0	20.0	30.0	10.0	2.90
10007774_34	10007774	34	20.0	60.0	20.0	0.0	3.00
10007774_35	10007774	35	36.7	63.3	0.0	0.0	3.37
10007774_4	10007774	4	85.5	14.5	0.0	0.0	3.86
10007774_5	10007774	5	61.7	36.6	1.7	0.0	3.60
10007774_7	10007774	7	18.0	66.0	16.0	0.0	3.02
10007774_8	10007774	8	55.6	35.5	8.9	0.0	3.47
10007774_9	10007774	9	41.5	43.1	15.4	0.0	3.26
10007775_1	10007775	1	76.7	12.6	5.4	0.0	3.55
10007775_10	10007775	10	10.0	70.0	20.0	0.0	2.90
10007775_11	10007775	11	50.0	50.0	0.0	0.0	3.50
10007775_13	10007775	13	23.4	63.3	13.4	0.0	3.10
10007775_15	10007775	15	63.3	23.4	13.3	0.0	3.50
10007775_17	10007775	17	30.0	50.0	10.0	10.0	3.00
10007775_18	10007775	18	13.3	86.7	0.0	0.0	3.13
10007775_19	10007775	19	50.0	40.0	10.0	0.0	3.40
10007775_2	10007775	2	76.7	23.3	0.0	0.0	3.77
10007775_20	10007775	20	16.0	84.0	0.0	0.0	3.16
10007775_21	10007775	21	13.3	60.0	26.7	0.0	2.87
10007775_28	10007775	28	45.0	45.0	10.0	0.0	3.35
10007775_29	10007775	29	68.0	24.0	8.0	0.0	3.60
10007775_3	10007775	3	50.0	50.0	0.0	0.0	3.50
10007775_30	10007775	30	58.0	34.0	8.0	0.0	3.50
10007775_35	10007775	35	100.0	0.0	0.0	0.0	4.00
10007775_5	10007775	5	40.0	40.0	10.0	10.0	3.10
10007775_8	10007775	8	0.0	100.0	0.0	0.0	3.00
10007775_9	10007775	9	0.0	90.0	10.0	0.0	2.90
10007776_19	10007776	19	0.0	60.0	40.0	0.0	2.60
10007776_23	10007776	23	60.0	40.0	0.0	0.0	3.60
10007776_24	10007776	24	0.0	60.0	40.0	0.0	2.60
10007776_25	10007776	25	0.0	60.0	40.0	0.0	2.60
10007776_28	10007776	28	60.0	20.0	20.0	0.0	3.40
10007776_29	10007776	29	0.0	80.0	20.0	0.0	2.80
10007776_3	10007776	3	0.0	60.0	40.0	0.0	2.60
10007776_30	10007776	30	0.0	100.0	0.0	0.0	3.00
10007776_33	10007776	33	0.0	30.0	50.0	20.0	2.10
10007776_35	10007776	35	50.0	50.0	0.0	0.0	3.50
10007776_36	10007776	36	40.0	20.0	40.0	0.0	3.00
10007776_4	10007776	4	40.0	60.0	0.0	0.0	3.40
10007777_34	10007777	34	54.3	45.7	0.0	0.0	3.54
10007778_35	10007778	35	90.0	10.0	0.0	0.0	3.90
10007779_6	10007779	6	63.6	21.9	10.9	3.6	3.46
10007780_19	10007780	19	40.0	60.0	0.0	0.0	3.40
10007780_20	10007780	20	0.0	63.3	23.4	13.3	2.50
10007780_21	10007780	21	53.3	46.7	0.0	0.0	3.53
10007780_24	10007780	24	25.4	27.0	39.7	8.0	2.70
10007780_27	10007780	27	0.0	80.0	13.3	6.7	2.73
10007780_28	10007780	28	0.0	70.0	30.0	0.0	2.70
10007780_30	10007780	30	0.0	23.3	63.4	13.3	2.10
10007780_33	10007780	33	20.0	40.0	40.0	0.0	2.80
10007780_34	10007780	34	20.0	60.0	20.0	0.0	3.00
10007780_35	10007780	35	10.0	90.0	0.0	0.0	3.10
10007782_1	10007782	1	72.0	18.0	10.0	0.0	3.62
10007782_2	10007782	2	80.0	10.0	10.0	0.0	3.70
10007783_1	10007783	1	83.3	16.7	0.0	0.0	3.83
10007783_10	10007783	10	0.0	73.3	26.7	0.0	2.73
10007783_11	10007783	11	26.7	46.6	26.7	0.0	3.00
10007783_15	10007783	15	24.0	58.0	18.0	0.0	3.06
10007783_16	10007783	16	40.0	60.0	0.0	0.0	3.40
10007783_17	10007783	17	0.0	70.0	30.0	0.0	2.70
10007783_18	10007783	18	0.0	63.3	36.7	0.0	2.63
10007783_19	10007783	19	80.0	20.0	0.0	0.0	3.80
10007783_2	10007783	2	66.7	20.0	13.3	0.0	3.53
10007783_20	10007783	20	0.0	53.3	46.7	0.0	2.53
10007783_21	10007783	21	0.0	10.0	70.0	20.0	1.90
10007783_23	10007783	23	0.0	90.0	10.0	0.0	2.90
10007783_24	10007783	24	10.0	50.0	40.0	0.0	2.70
10007783_25	10007783	25	20.0	70.0	10.0	0.0	3.10
10007783_28	10007783	28	26.7	36.6	10.0	26.7	2.63
10007783_29	10007783	29	0.0	100.0	0.0	0.0	3.00
10007783_30	10007783	30	73.3	26.7	0.0	0.0	3.73
10007783_32	10007783	32	0.0	0.0	40.0	60.0	1.40
10007783_33	10007783	33	53.3	46.7	0.0	0.0	3.53
10007783_35	10007783	35	20.0	80.0	0.0	0.0	3.20
10007783_4	10007783	4	0.0	100.0	0.0	0.0	3.00
10007783_5	10007783	5	40.0	60.0	0.0	0.0	3.40
10007783_6	10007783	6	100.0	0.0	0.0	0.0	4.00
10007783_7	10007783	7	50.0	40.0	10.0	0.0	3.40
10007783_8	10007783	8	40.0	60.0	0.0	0.0	3.40
10007784_1	10007784	1	84.3	12.2	3.5	0.0	3.81
10007784_10	10007784	10	11.4	54.3	34.3	0.0	2.77
10007784_11	10007784	11	80.0	20.0	0.0	0.0	3.80
10007784_12	10007784	12	36.7	63.3	0.0	0.0	3.37
10007784_13	10007784	13	42.0	58.0	0.0	0.0	3.42
10007784_14	10007784	14	8.0	50.0	42.0	0.0	2.66
10007784_15	10007784	15	43.3	50.0	6.7	0.0	3.37
10007784_16	10007784	16	52.0	42.7	5.3	0.0	3.47
10007784_17	10007784	17	57.3	27.3	12.6	2.9	3.39
10007784_18	10007784	18	92.0	8.0	0.0	0.0	3.92
10007784_19	10007784	19	40.0	20.0	40.0	0.0	3.00
10007784_2	10007784	2	78.8	16.5	4.7	0.0	3.74
10007784_20	10007784	20	86.7	13.3	0.0	0.0	3.87
10007784_21	10007784	21	50.0	50.0	0.0	0.0	3.50
10007784_22	10007784	22	100.0	0.0	0.0	0.0	4.00
10007784_24	10007784	24	40.0	40.0	0.0	20.0	3.00
10007784_25	10007784	25	57.0	31.3	11.8	0.0	3.45
10007784_27	10007784	27	84.0	0.0	16.0	0.0	3.68
10007784_28	10007784	28	56.7	30.0	13.3	0.0	3.43
10007784_29	10007784	29	60.0	30.0	10.0	0.0	3.50
10007784_3	10007784	3	63.4	36.7	0.0	0.0	3.63
10007784_30	10007784	30	36.0	56.0	8.0	0.0	3.28
10007784_31	10007784	31	30.0	70.0	0.0	0.0	3.30
10007784_32	10007784	32	80.0	10.0	10.0	0.0	3.70
10007784_33	10007784	33	50.0	30.0	20.0	0.0	3.30
10007784_34	10007784	34	33.4	66.7	0.0	0.0	3.33
10007784_36	10007784	36	40.0	36.7	23.3	0.0	3.17
10007784_4	10007784	4	73.3	24.0	2.7	0.0	3.71
10007784_5	10007784	5	44.0	38.0	14.0	0.0	3.18
10007784_7	10007784	7	60.0	32.0	8.0	0.0	3.52
10007784_8	10007784	8	65.7	22.9	5.7	5.7	3.49
10007784_9	10007784	9	30.0	60.0	10.0	0.0	3.20
10007785_12	10007785	12	0.0	63.3	36.7	0.0	2.63
10007785_14	10007785	14	20.0	30.0	10.0	0.0	1.90
10007785_17	10007785	17	60.0	40.0	0.0	0.0	3.60
10007785_19	10007785	19	46.7	40.0	13.3	0.0	3.33
10007785_21	10007785	21	60.0	40.0	0.0	0.0	3.60
10007785_22	10007785	22	40.0	40.0	20.0	0.0	3.20
10007785_3	10007785	3	32.0	68.0	0.0	0.0	3.32
10007786_1	10007786	1	100.0	0.0	0.0	0.0	4.00
10007786_10	10007786	10	68.9	26.7	4.4	0.0	3.65
10007786_11	10007786	11	60.0	40.0	0.0	0.0	3.60
10007786_15	10007786	15	72.3	21.5	6.2	0.0	3.66
10007786_17	10007786	17	28.4	23.3	28.4	20.0	2.60
10007786_18	10007786	18	100.0	0.0	0.0	0.0	4.00
10007786_19	10007786	19	70.0	30.0	0.0	0.0	3.70
10007786_2	10007786	2	100.0	0.0	0.0	0.0	4.00
10007786_20	10007786	20	68.0	32.0	0.0	0.0	3.68
10007786_21	10007786	21	10.0	90.0	0.0	0.0	3.10
10007786_22	10007786	22	40.0	60.0	0.0	0.0	3.40
10007786_23	10007786	23	63.3	36.7	0.0	0.0	3.63
10007786_25	10007786	25	50.0	50.0	0.0	0.0	3.50
10007786_26	10007786	26	100.0	0.0	0.0	0.0	4.00
10007786_28	10007786	28	20.0	30.0	20.0	30.0	2.40
10007786_29	10007786	29	0.0	76.7	23.3	0.0	2.77
10007786_3	10007786	3	80.0	20.0	0.0	0.0	3.80
10007786_30	10007786	30	0.0	63.3	36.7	0.0	2.63
10007786_31	10007786	31	13.3	63.4	23.3	0.0	2.90
10007786_32	10007786	32	20.0	70.0	10.0	0.0	3.10
10007786_33	10007786	33	0.0	50.0	50.0	0.0	2.50
10007786_34	10007786	34	20.0	60.0	20.0	0.0	3.00
10007786_35	10007786	35	45.0	35.0	20.0	0.0	3.25
10007786_4	10007786	4	80.0	20.0	0.0	0.0	3.80
10007786_5	10007786	5	22.9	67.1	10.0	0.0	3.13
10007786_6	10007786	6	80.0	20.0	0.0	0.0	3.80
10007786_7	10007786	7	32.0	68.0	0.0	0.0	3.32
10007786_8	10007786	8	54.3	34.3	11.4	0.0	3.43
10007786_9	10007786	9	26.0	58.0	16.0	0.0	3.10
10007788_1	10007788	1	86.0	2.0	12.0	0.0	3.74
10007788_10	10007788	10	44.7	44.6	10.7	0.0	3.34
10007788_11	10007788	11	86.7	13.3	0.0	0.0	3.87
10007788_12	10007788	12	50.0	30.0	20.0	0.0	3.30
10007788_13	10007788	13	80.0	20.0	0.0	0.0	3.80
10007788_15	10007788	15	68.4	27.4	4.2	0.0	3.64
10007788_16	10007788	16	68.0	32.0	0.0	0.0	3.68
10007788_17	10007788	17	49.4	42.7	8.0	0.0	3.41
10007788_18	10007788	18	50.0	50.0	0.0	0.0	3.50
10007788_19	10007788	19	84.0	16.0	0.0	0.0	3.84
10007788_2	10007788	2	28.6	65.7	5.7	0.0	3.23
10007788_20	10007788	20	55.6	40.0	4.4	0.0	3.51
10007788_21	10007788	21	40.0	40.0	20.0	0.0	3.20
10007788_23	10007788	23	40.0	60.0	0.0	0.0	3.40
10007788_24	10007788	24	48.0	52.0	0.0	0.0	3.48
10007788_25	10007788	25	80.0	10.0	10.0	0.0	3.70
10007788_27	10007788	27	20.0	70.0	10.0	0.0	3.10
10007788_28	10007788	28	35.5	53.6	10.9	0.0	3.25
10007788_29	10007788	29	10.0	65.0	15.0	10.0	2.75
10007788_30	10007788	30	50.8	30.7	18.5	0.0	3.32
10007788_31	10007788	31	66.0	34.0	0.0	0.0	3.66
10007788_32	10007788	32	37.0	63.0	0.0	0.0	3.37
10007788_33	10007788	33	53.3	46.7	0.0	0.0	3.53
10007788_35	10007788	35	0.0	80.0	20.0	0.0	2.80
10007788_4	10007788	4	73.3	17.8	8.9	0.0	3.64
10007788_5	10007788	5	70.0	24.0	6.0	0.0	3.64
10007788_6	10007788	6	58.0	26.0	16.0	0.0	3.42
10007788_7	10007788	7	52.0	48.0	0.0	0.0	3.52
10007788_8	10007788	8	65.7	34.3	0.0	0.0	3.66
10007788_9	10007788	9	47.5	42.5	10.0	0.0	3.38
10007789_1	10007789	1	40.0	20.0	0.0	40.0	2.60
10007789_10	10007789	10	0.0	73.3	26.7	0.0	2.73
10007789_11	10007789	11	26.7	50.0	23.3	0.0	3.03
10007789_18	10007789	18	20.0	60.0	20.0	0.0	3.00
10007789_19	10007789	19	50.0	50.0	0.0	0.0	3.50
10007789_2	10007789	2	50.0	50.0	0.0	0.0	3.50
10007789_20	10007789	20	40.0	40.0	20.0	0.0	3.20
10007789_21	10007789	21	0.0	90.0	10.0	0.0	2.90
10007789_22	10007789	22	80.0	20.0	0.0	0.0	3.80
10007789_24	10007789	24	46.7	40.0	13.3	0.0	3.33
10007789_25	10007789	25	0.0	80.0	10.0	10.0	2.70
10007789_27	10007789	27	50.0	50.0	0.0	0.0	3.50
10007789_29	10007789	29	53.3	46.7	0.0	0.0	3.53
10007789_3	10007789	3	40.0	35.0	25.0	0.0	3.15
10007789_30	10007789	30	30.0	40.0	30.0	0.0	3.00
10007789_32	10007789	32	50.0	50.0	0.0	0.0	3.50
10007789_34	10007789	34	80.0	20.0	0.0	0.0	3.80
10007789_36	10007789	36	0.0	70.0	30.0	0.0	2.70
10007789_4	10007789	4	60.0	40.0	0.0	0.0	3.60
10007789_5	10007789	5	40.0	60.0	0.0	0.0	3.40
10007789_6	10007789	6	40.0	60.0	0.0	0.0	3.40
10007789_7	10007789	7	77.1	22.9	0.0	0.0	3.77
10007789_8	10007789	8	40.0	60.0	0.0	0.0	3.40
10007790_1	10007790	1	74.5	23.7	1.8	0.0	3.73
10007790_10	10007790	10	30.0	54.0	16.0	0.0	3.14
10007790_11	10007790	11	48.0	32.0	4.0	8.0	3.04
10007790_15	10007790	15	60.0	38.1	1.9	0.0	3.58
10007790_16	10007790	16	55.7	21.4	22.9	0.0	3.33
10007790_17	10007790	17	0.0	70.0	30.0	0.0	2.70
10007790_18	10007790	18	13.3	60.0	26.7	0.0	2.87
10007790_19	10007790	19	46.7	40.0	13.3	0.0	3.33
10007790_20	10007790	20	86.7	13.3	0.0	0.0	3.87
10007790_21	10007790	21	50.0	50.0	0.0	0.0	3.50
10007790_22	10007790	22	55.7	38.6	5.7	0.0	3.50
10007790_23	10007790	23	54.3	45.7	0.0	0.0	3.54
10007790_24	10007790	24	60.0	40.0	0.0	0.0	3.60
10007790_25	10007790	25	76.0	24.0	0.0	0.0	3.76
10007790_26	10007790	26	40.0	50.0	10.0	0.0	3.30
10007790_27	10007790	27	13.3	50.0	36.7	0.0	2.77
10007790_28	10007790	28	49.0	37.0	14.0	0.0	3.35
10007790_29	10007790	29	30.0	60.0	10.0	0.0	3.20
10007790_30	10007790	30	40.0	54.3	5.7	0.0	3.34
10007790_31	10007790	31	26.7	33.3	40.0	0.0	2.87
10007790_32	10007790	32	36.7	36.6	26.7	0.0	3.10
10007790_33	10007790	33	40.0	50.0	10.0	0.0	3.30
10007790_34	10007790	34	58.0	42.0	0.0	0.0	3.58
10007790_35	10007790	35	46.7	13.3	40.0	0.0	3.07
10007790_4	10007790	4	81.5	18.5	0.0	0.0	3.82
10007790_5	10007790	5	80.0	20.0	0.0	0.0	3.80
10007790_6	10007790	6	76.8	6.4	12.6	4.2	3.56
10007790_7	10007790	7	31.8	50.0	18.2	0.0	3.14
10007790_8	10007790	8	27.8	63.3	8.9	0.0	3.19
10007790_9	10007790	9	46.4	46.3	7.3	0.0	3.39
10007791_11	10007791	11	20.0	40.0	20.0	20.0	2.60
10007791_18	10007791	18	20.0	80.0	0.0	0.0	3.20
10007791_19	10007791	19	20.0	53.3	13.4	13.3	2.80
10007791_20	10007791	20	20.0	60.0	20.0	0.0	3.00
10007791_21	10007791	21	80.0	10.0	10.0	0.0	3.70
10007791_23	10007791	23	43.3	43.4	13.3	0.0	3.30
10007791_26	10007791	26	40.0	40.0	20.0	0.0	3.20
10007791_28	10007791	28	30.0	70.0	0.0	0.0	3.30
10007791_29	10007791	29	26.7	73.3	0.0	0.0	3.27
10007791_30	10007791	30	50.0	36.7	13.3	0.0	3.37
10007791_32	10007791	32	40.0	60.0	0.0	0.0	3.40
10007791_34	10007791	34	40.0	60.0	0.0	0.0	3.40
10007791_4	10007791	4	53.3	46.7	0.0	0.0	3.53
10007791_5	10007791	5	0.0	60.0	40.0	0.0	2.60
10007792_1	10007792	1	80.0	20.0	0.0	0.0	3.80
10007792_10	10007792	10	30.0	50.0	20.0	0.0	3.10
10007792_11	10007792	11	10.0	70.0	20.0	0.0	2.90
10007792_15	10007792	15	32.0	44.0	24.0	0.0	3.08
10007792_17	10007792	17	36.7	46.7	13.3	3.4	3.17
10007792_18	10007792	18	13.3	60.0	13.4	13.3	2.73
10007792_19	10007792	19	23.3	63.4	13.3	0.0	3.10
10007792_2	10007792	2	40.0	60.0	0.0	0.0	3.40
10007792_20	10007792	20	40.0	60.0	0.0	0.0	3.40
10007792_21	10007792	21	40.0	60.0	0.0	0.0	3.40
10007792_23	10007792	23	40.0	50.0	10.0	0.0	3.30
10007792_25	10007792	25	30.0	60.0	10.0	0.0	3.20
10007792_26	10007792	26	53.3	46.7	0.0	0.0	3.53
10007792_27	10007792	27	100.0	0.0	0.0	0.0	4.00
10007792_28	10007792	28	10.0	50.0	0.0	40.0	2.30
10007792_29	10007792	29	40.0	60.0	0.0	0.0	3.40
10007792_30	10007792	30	40.0	44.0	16.0	0.0	3.24
10007792_31	10007792	31	40.0	46.7	13.3	0.0	3.27
10007792_33	10007792	33	20.0	80.0	0.0	0.0	3.20
10007792_35	10007792	35	33.3	53.4	13.3	0.0	3.20
10007792_4	10007792	4	40.0	40.0	20.0	0.0	3.20
10007792_5	10007792	5	50.0	50.0	0.0	0.0	3.50
10007792_7	10007792	7	20.0	80.0	0.0	0.0	3.20
10007792_9	10007792	9	24.0	68.0	8.0	0.0	3.16
10007793_10	10007793	10	0.0	60.0	0.0	40.0	2.20
10007793_11	10007793	11	20.0	20.0	60.0	0.0	2.60
10007793_15	10007793	15	0.0	0.0	60.0	40.0	1.60
10007793_19	10007793	19	0.0	0.0	0.0	0.0	0.00
10007793_22	10007793	22	80.0	10.0	10.0	0.0	3.70
10007793_26	10007793	26	0.0	10.0	50.0	40.0	1.70
10007793_29	10007793	29	0.0	90.0	10.0	0.0	2.90
10007793_3	10007793	3	0.0	40.0	60.0	0.0	2.40
10007793_30	10007793	30	0.0	60.0	40.0	0.0	2.60
10007793_34	10007793	34	50.0	50.0	0.0	0.0	3.50
10007793_35	10007793	35	23.3	76.7	0.0	0.0	3.23
10007793_4	10007793	4	0.0	0.0	60.0	0.0	1.20
10007794_1	10007794	1	76.8	16.9	2.1	0.0	3.62
10007794_10	10007794	10	32.0	68.0	0.0	0.0	3.32
10007794_11	10007794	11	68.0	32.0	0.0	0.0	3.68
10007794_15	10007794	15	51.1	40.0	8.9	0.0	3.42
10007794_16	10007794	16	63.3	36.7	0.0	0.0	3.63
10007794_17	10007794	17	30.0	65.0	5.0	0.0	3.25
10007794_18	10007794	18	0.0	63.3	36.7	0.0	2.63
10007794_19	10007794	19	34.0	26.0	40.0	0.0	2.94
10007794_2	10007794	2	33.3	66.7	0.0	0.0	3.33
10007794_20	10007794	20	60.0	40.0	0.0	0.0	3.60
10007794_21	10007794	21	0.0	86.7	13.3	0.0	2.87
10007794_22	10007794	22	60.0	30.0	10.0	0.0	3.50
10007794_25	10007794	25	40.0	60.0	0.0	0.0	3.40
10007794_27	10007794	27	0.0	80.0	20.0	0.0	2.80
10007794_28	10007794	28	40.0	46.7	0.0	13.4	3.13
10007794_29	10007794	29	53.3	33.4	13.3	0.0	3.40
10007794_3	10007794	3	70.0	30.0	0.0	0.0	3.70
10007794_30	10007794	30	66.0	34.0	0.0	0.0	3.66
10007794_31	10007794	31	10.0	50.0	20.0	20.0	2.50
10007794_32	10007794	32	0.0	20.0	80.0	0.0	2.20
10007794_33	10007794	33	40.0	50.0	10.0	0.0	3.30
10007794_34	10007794	34	73.3	26.7	0.0	0.0	3.73
10007794_35	10007794	35	40.0	60.0	0.0	0.0	3.40
10007794_36	10007794	36	40.0	46.7	13.3	0.0	3.27
10007794_4	10007794	4	60.0	0.0	40.0	0.0	3.20
10007794_5	10007794	5	38.6	55.7	5.7	0.0	3.33
10007794_6	10007794	6	82.0	18.0	0.0	0.0	3.82
10007794_7	10007794	7	30.0	50.0	20.0	0.0	3.10
10007794_8	10007794	8	35.0	65.0	0.0	0.0	3.35
10007794_9	10007794	9	42.0	58.0	0.0	0.0	3.42
10007795_1	10007795	1	72.0	28.0	0.0	0.0	3.72
10007795_10	10007795	10	56.7	30.0	13.3	0.0	3.43
10007795_11	10007795	11	73.3	26.7	0.0	0.0	3.73
10007795_12	10007795	12	60.0	40.0	0.0	0.0	3.60
10007795_13	10007795	13	53.3	46.7	0.0	0.0	3.53
10007795_14	10007795	14	28.0	64.0	8.0	0.0	3.20
10007795_15	10007795	15	18.0	50.0	32.0	0.0	2.86
10007795_17	10007795	17	33.3	40.0	26.7	0.0	3.07
10007795_19	10007795	19	60.0	35.0	5.0	0.0	3.55
10007795_2	10007795	2	50.0	40.0	10.0	0.0	3.40
10007795_20	10007795	20	80.0	20.0	0.0	0.0	3.80
10007795_21	10007795	21	66.7	33.3	0.0	0.0	3.67
10007795_22	10007795	22	60.0	40.0	0.0	0.0	3.60
10007795_25	10007795	25	60.0	30.0	10.0	0.0	3.50
10007795_26	10007795	26	60.0	40.0	0.0	0.0	3.60
10007795_28	10007795	28	40.0	27.1	10.0	22.9	2.84
10007795_29	10007795	29	50.0	50.0	0.0	0.0	3.50
10007795_3	10007795	3	84.0	16.0	0.0	0.0	3.84
10007795_30	10007795	30	50.0	50.0	0.0	0.0	3.50
10007795_31	10007795	31	0.0	100.0	0.0	0.0	3.00
10007795_32	10007795	32	30.0	60.0	10.0	0.0	3.20
10007795_33	10007795	33	20.0	60.0	20.0	0.0	3.00
10007795_34	10007795	34	61.7	38.4	0.0	0.0	3.62
10007795_35	10007795	35	75.0	25.0	0.0	0.0	3.75
10007795_36	10007795	36	63.3	36.7	0.0	0.0	3.63
10007795_4	10007795	4	36.0	64.0	0.0	0.0	3.36
10007795_5	10007795	5	71.4	28.6	0.0	0.0	3.71
10007795_6	10007795	6	60.0	40.0	0.0	0.0	3.60
10007795_7	10007795	7	46.7	48.9	4.4	0.0	3.42
10007795_8	10007795	8	50.0	50.0	0.0	0.0	3.50
10007795_9	10007795	9	66.7	33.3	0.0	0.0	3.67
10007796_1	10007796	1	65.0	35.0	0.0	0.0	3.65
10007796_10	10007796	10	13.3	36.7	50.0	0.0	2.63
10007796_11	10007796	11	0.0	40.0	46.7	13.3	2.27
10007796_15	10007796	15	0.0	100.0	0.0	0.0	3.00
10007796_17	10007796	17	43.3	45.1	11.7	0.0	3.32
10007796_18	10007796	18	0.0	26.7	33.3	40.0	1.87
10007796_19	10007796	19	11.4	54.3	28.6	5.7	2.71
10007796_2	10007796	2	66.7	33.3	0.0	0.0	3.67
10007796_20	10007796	20	16.0	58.0	26.0	0.0	2.90
10007796_21	10007796	21	0.0	80.0	20.0	0.0	2.80
10007796_22	10007796	22	0.0	100.0	0.0	0.0	3.00
10007796_23	10007796	23	0.0	0.0	100.0	0.0	2.00
10007796_25	10007796	25	0.0	66.7	33.3	0.0	2.67
10007796_28	10007796	28	0.0	60.0	40.0	0.0	2.60
10007796_29	10007796	29	30.0	60.0	10.0	0.0	3.20
10007796_30	10007796	30	30.0	40.0	30.0	0.0	3.00
10007796_34	10007796	34	50.0	50.0	0.0	0.0	3.50
10007796_36	10007796	36	76.7	16.7	6.7	0.0	3.70
10007796_4	10007796	4	0.0	100.0	0.0	0.0	3.00
10007796_5	10007796	5	48.0	32.0	20.0	0.0	3.28
10007796_7	10007796	7	13.3	86.7	0.0	0.0	3.13
10007796_8	10007796	8	36.7	50.0	13.3	0.0	3.23
10007796_9	10007796	9	43.3	43.4	13.3	0.0	3.30
10007798_1	10007798	1	61.3	33.4	5.3	0.0	3.56
10007798_10	10007798	10	53.3	46.7	0.0	0.0	3.53
10007798_11	10007798	11	76.0	24.0	0.0	0.0	3.76
10007798_12	10007798	12	60.0	40.0	0.0	0.0	3.60
10007798_13	10007798	13	56.0	24.7	19.4	0.0	3.37
10007798_14	10007798	14	50.0	50.0	0.0	0.0	3.50
10007798_16	10007798	16	36.7	63.3	0.0	0.0	3.37
10007798_17	10007798	17	25.0	65.0	10.0	0.0	3.15
10007798_18	10007798	18	40.0	50.0	10.0	0.0	3.30
10007798_19	10007798	19	53.8	27.7	12.3	6.2	3.29
10007798_2	10007798	2	10.0	50.0	40.0	0.0	2.70
10007798_20	10007798	20	36.0	64.0	0.0	0.0	3.36
10007798_21	10007798	21	16.0	76.0	8.0	0.0	3.08
10007798_23	10007798	23	66.7	26.6	6.7	0.0	3.60
10007798_24	10007798	24	60.0	40.0	0.0	0.0	3.60
10007798_25	10007798	25	40.0	60.0	0.0	0.0	3.40
10007798_28	10007798	28	45.0	40.0	15.0	0.0	3.30
10007798_29	10007798	29	50.0	50.0	0.0	0.0	3.50
10007798_3	10007798	3	86.7	13.3	0.0	0.0	3.87
10007798_30	10007798	30	50.0	30.0	20.0	0.0	3.30
10007798_31	10007798	31	20.0	60.0	20.0	0.0	3.00
10007798_32	10007798	32	40.0	40.0	20.0	0.0	3.20
10007798_33	10007798	33	50.0	50.0	0.0	0.0	3.50
10007798_34	10007798	34	20.0	80.0	0.0	0.0	3.20
10007798_35	10007798	35	65.0	35.0	0.0	0.0	3.65
10007798_4	10007798	4	60.0	40.0	0.0	0.0	3.60
10007798_5	10007798	5	36.7	42.0	21.3	0.0	3.15
10007798_7	10007798	7	44.0	56.0	0.0	0.0	3.44
10007798_8	10007798	8	50.0	50.0	0.0	0.0	3.50
10007798_9	10007798	9	82.9	17.1	0.0	0.0	3.83
10007799_1	10007799	1	75.0	25.0	0.0	0.0	3.75
10007799_10	10007799	10	53.3	36.7	10.0	0.0	3.43
10007799_11	10007799	11	90.0	10.0	0.0	0.0	3.90
10007799_12	10007799	12	16.0	76.0	8.0	0.0	3.08
10007799_13	10007799	13	40.0	30.0	10.0	0.0	2.70
10007799_14	10007799	14	42.0	58.0	0.0	0.0	3.42
10007799_16	10007799	16	42.0	58.0	0.0	0.0	3.42
10007799_17	10007799	17	35.0	40.0	25.0	0.0	3.10
10007799_19	10007799	19	27.1	27.2	40.0	5.7	2.76
10007799_2	10007799	2	40.0	60.0	0.0	0.0	3.40
10007799_20	10007799	20	0.0	76.7	23.3	0.0	2.77
10007799_21	10007799	21	0.0	63.3	36.7	0.0	2.63
10007799_23	10007799	23	53.3	33.4	13.3	0.0	3.40
10007799_25	10007799	25	26.7	73.3	0.0	0.0	3.27
10007799_28	10007799	28	60.0	33.3	6.7	0.0	3.53
10007799_29	10007799	29	100.0	0.0	0.0	0.0	4.00
10007799_3	10007799	3	73.3	26.7	0.0	0.0	3.73
10007799_30	10007799	30	0.0	46.7	53.3	0.0	2.47
10007799_31	10007799	31	40.0	30.0	30.0	0.0	3.10
10007799_34	10007799	34	13.3	73.4	13.3	0.0	3.00
10007799_35	10007799	35	20.0	20.0	60.0	0.0	2.60
10007799_36	10007799	36	50.0	30.0	20.0	0.0	3.30
10007799_4	10007799	4	86.7	13.3	0.0	0.0	3.87
10007799_5	10007799	5	50.0	50.0	0.0	0.0	3.50
10007799_6	10007799	6	30.0	40.0	30.0	0.0	3.00
10007799_7	10007799	7	73.3	26.7	0.0	0.0	3.73
10007799_8	10007799	8	26.7	73.3	0.0	0.0	3.27
10007800_11	10007800	11	0.0	0.0	50.0	50.0	1.50
10007800_13	10007800	13	0.0	40.0	40.0	20.0	2.20
10007800_15	10007800	15	20.0	40.0	20.0	20.0	2.60
10007800_19	10007800	19	0.0	30.0	70.0	0.0	2.30
10007800_22	10007800	22	0.0	40.0	26.7	33.3	2.07
10007800_25	10007800	25	0.0	60.0	20.0	20.0	2.40
10007800_26	10007800	26	0.0	0.0	20.0	80.0	1.20
10007800_3	10007800	3	0.0	40.0	60.0	0.0	2.40
10007800_36	10007800	36	30.0	70.0	0.0	0.0	3.30
10007801_1	10007801	1	30.0	70.0	0.0	0.0	3.30
10007801_10	10007801	10	0.0	30.0	30.0	0.0	1.50
10007801_11	10007801	11	0.0	100.0	0.0	0.0	3.00
10007801_13	10007801	13	80.0	10.0	10.0	0.0	3.70
10007801_15	10007801	15	0.0	63.3	36.7	0.0	2.63
10007801_16	10007801	16	0.0	0.0	100.0	0.0	2.00
10007801_17	10007801	17	30.0	50.0	20.0	0.0	3.10
10007801_19	10007801	19	0.0	60.0	40.0	0.0	2.60
10007801_22	10007801	22	36.7	10.0	53.3	0.0	2.83
10007801_25	10007801	25	0.0	63.3	36.7	0.0	2.63
10007801_29	10007801	29	0.0	30.0	50.0	20.0	2.10
10007801_3	10007801	3	0.0	60.0	0.0	0.0	1.80
10007801_30	10007801	30	0.0	40.0	60.0	0.0	2.40
10007801_34	10007801	34	0.0	90.0	10.0	0.0	2.90
10007801_35	10007801	35	50.0	30.0	20.0	0.0	3.30
10007801_4	10007801	4	40.0	40.0	20.0	0.0	3.20
10007801_6	10007801	6	40.0	23.3	36.7	0.0	3.03
10007801_7	10007801	7	16.0	76.0	8.0	0.0	3.08
10007802_10	10007802	10	10.0	90.0	0.0	0.0	3.10
10007802_13	10007802	13	13.3	36.7	36.7	13.3	2.50
10007802_16	10007802	16	70.0	30.0	0.0	0.0	3.70
10007802_17	10007802	17	0.0	68.4	31.7	0.0	2.68
10007802_19	10007802	19	60.0	40.0	0.0	0.0	3.60
10007802_20	10007802	20	0.0	60.0	40.0	0.0	2.60
10007802_21	10007802	21	13.3	66.7	20.0	0.0	2.93
10007802_25	10007802	25	53.3	10.0	36.7	0.0	3.17
10007802_28	10007802	28	80.0	20.0	0.0	0.0	3.80
10007802_29	10007802	29	10.0	60.0	30.0	0.0	2.80
10007802_3	10007802	3	0.0	50.0	50.0	0.0	2.50
10007802_30	10007802	30	13.3	73.4	13.3	0.0	3.00
10007802_31	10007802	31	30.0	70.0	0.0	0.0	3.30
10007802_32	10007802	32	0.0	20.0	80.0	0.0	2.20
10007802_34	10007802	34	45.0	40.0	15.0	0.0	3.30
10007802_35	10007802	35	0.0	70.0	30.0	0.0	2.70
10007802_4	10007802	4	68.0	32.0	0.0	0.0	3.68
10007802_5	10007802	5	26.7	46.6	26.7	0.0	3.00
10007802_6	10007802	6	85.0	15.0	0.0	0.0	3.85
10007802_7	10007802	7	51.1	48.9	0.0	0.0	3.51
10007802_8	10007802	8	0.0	50.0	50.0	0.0	2.50
10007803_1	10007803	1	0.0	53.3	20.0	26.7	2.27
10007803_10	10007803	10	40.0	50.0	10.0	0.0	3.30
10007803_11	10007803	11	13.3	73.4	13.3	0.0	3.00
10007803_17	10007803	17	76.0	24.0	0.0	0.0	3.76
10007803_18	10007803	18	0.0	50.0	50.0	0.0	2.50
10007803_19	10007803	19	73.3	26.7	0.0	0.0	3.73
10007803_21	10007803	21	50.0	40.0	10.0	0.0	3.40
10007803_24	10007803	24	0.0	100.0	0.0	0.0	3.00
10007803_28	10007803	28	0.0	90.0	10.0	0.0	2.90
10007803_29	10007803	29	90.0	10.0	0.0	0.0	3.90
10007803_30	10007803	30	58.0	42.0	0.0	0.0	3.58
10007803_31	10007803	31	50.0	50.0	0.0	0.0	3.50
10007803_32	10007803	32	53.3	36.7	10.0	0.0	3.43
10007803_33	10007803	33	40.0	10.0	50.0	0.0	2.90
10007803_34	10007803	34	20.0	80.0	0.0	0.0	3.20
10007803_35	10007803	35	20.0	80.0	0.0	0.0	3.20
10007803_4	10007803	4	40.0	60.0	0.0	0.0	3.40
10007803_5	10007803	5	90.0	10.0	0.0	0.0	3.90
10007803_8	10007803	8	27.8	63.3	8.9	0.0	3.19
10007803_9	10007803	9	46.4	46.3	7.3	0.0	3.39
10007804_11	10007804	11	10.0	50.0	40.0	0.0	2.70
10007804_17	10007804	17	10.0	90.0	0.0	0.0	3.10
10007804_19	10007804	19	60.0	32.0	8.0	0.0	3.52
10007804_20	10007804	20	0.0	40.0	60.0	0.0	2.40
10007804_22	10007804	22	40.0	60.0	0.0	0.0	3.40
10007804_25	10007804	25	20.0	80.0	0.0	0.0	3.20
10007804_26	10007804	26	0.0	36.7	36.6	26.7	2.10
10007804_29	10007804	29	0.0	86.7	13.3	0.0	2.87
10007804_3	10007804	3	53.3	20.0	26.7	0.0	3.27
10007804_30	10007804	30	40.0	60.0	0.0	0.0	3.40
10007804_32	10007804	32	20.0	50.0	30.0	0.0	2.90
10007804_36	10007804	36	40.0	60.0	0.0	0.0	3.40
10007804_4	10007804	4	100.0	0.0	0.0	0.0	4.00
10007804_6	10007804	6	90.0	10.0	0.0	0.0	3.90
10007804_7	10007804	7	20.0	60.0	20.0	0.0	3.00
10007805_10	10007805	10	30.0	40.0	20.0	10.0	2.90
10007805_11	10007805	11	13.3	13.4	73.3	0.0	2.40
10007805_12	10007805	12	30.0	50.0	20.0	0.0	3.10
10007805_13	10007805	13	32.9	55.7	11.4	0.0	3.22
10007805_14	10007805	14	13.3	60.0	26.7	0.0	2.87
10007805_16	10007805	16	40.0	0.0	60.0	0.0	2.80
10007805_19	10007805	19	80.0	15.0	5.0	0.0	3.75
10007805_20	10007805	20	0.0	90.0	10.0	0.0	2.90
10007805_21	10007805	21	60.0	40.0	0.0	0.0	3.60
10007805_22	10007805	22	63.3	36.7	0.0	0.0	3.63
10007805_25	10007805	25	40.0	50.0	10.0	0.0	3.30
10007805_29	10007805	29	40.0	33.3	13.4	13.3	3.00
10007805_3	10007805	3	75.0	25.0	0.0	0.0	3.75
10007805_30	10007805	30	26.7	60.0	13.3	0.0	3.13
10007805_4	10007805	4	80.0	20.0	0.0	0.0	3.80
10007805_8	10007805	8	35.0	65.0	0.0	0.0	3.35
10007805_9	10007805	9	80.0	20.0	0.0	0.0	3.80
10007806_10	10007806	10	0.0	60.0	40.0	0.0	2.60
10007806_11	10007806	11	10.0	50.0	40.0	0.0	2.70
10007806_15	10007806	15	20.0	70.0	10.0	0.0	3.10
10007806_17	10007806	17	80.0	10.0	10.0	0.0	3.70
10007806_18	10007806	18	36.7	50.0	13.3	0.0	3.23
10007806_19	10007806	19	24.0	60.0	16.0	0.0	3.08
10007806_20	10007806	20	20.0	40.0	20.0	20.0	2.60
10007806_21	10007806	21	50.0	50.0	0.0	0.0	3.50
10007806_22	10007806	22	40.0	60.0	0.0	0.0	3.40
10007806_23	10007806	23	20.0	80.0	0.0	0.0	3.20
10007806_24	10007806	24	50.0	50.0	0.0	0.0	3.50
10007806_25	10007806	25	26.7	50.0	23.3	0.0	3.03
10007806_27	10007806	27	0.0	60.0	40.0	0.0	2.60
10007806_29	10007806	29	20.0	80.0	0.0	0.0	3.20
10007806_3	10007806	3	80.0	20.0	0.0	0.0	3.80
10007806_30	10007806	30	26.7	60.0	13.3	0.0	3.13
10007806_32	10007806	32	0.0	80.0	20.0	0.0	2.80
10007806_34	10007806	34	0.0	20.0	80.0	0.0	2.20
10007806_35	10007806	35	10.0	90.0	0.0	0.0	3.10
10007806_36	10007806	36	60.0	40.0	0.0	0.0	3.60
10007806_4	10007806	4	84.0	16.0	0.0	0.0	3.84
10007806_5	10007806	5	43.3	43.4	13.3	0.0	3.30
10007806_8	10007806	8	0.0	13.3	86.7	0.0	2.13
10007806_9	10007806	9	13.3	13.4	73.3	0.0	2.40
10007807_11	10007807	11	18.0	34.0	32.0	16.0	2.54
10007807_13	10007807	13	13.3	86.7	0.0	0.0	3.13
10007807_16	10007807	16	58.0	42.0	0.0	0.0	3.58
10007807_19	10007807	19	66.7	33.3	0.0	0.0	3.67
10007807_20	10007807	20	100.0	0.0	0.0	0.0	4.00
10007807_21	10007807	21	10.0	50.0	40.0	0.0	2.70
10007807_22	10007807	22	66.7	33.3	0.0	0.0	3.67
10007807_25	10007807	25	80.0	20.0	0.0	0.0	3.80
10007807_26	10007807	26	40.0	20.0	20.0	20.0	2.80
10007807_28	10007807	28	30.0	55.0	15.0	0.0	3.15
10007807_29	10007807	29	0.0	60.0	40.0	0.0	2.60
10007807_3	10007807	3	40.0	57.5	2.5	0.0	3.38
10007807_30	10007807	30	13.3	63.4	23.3	0.0	2.90
10007807_34	10007807	34	73.3	0.0	26.7	0.0	3.47
10007807_35	10007807	35	90.0	10.0	0.0	0.0	3.90
10007807_36	10007807	36	40.0	60.0	0.0	0.0	3.40
10007807_4	10007807	4	26.7	46.6	0.0	26.7	2.73
10007807_7	10007807	7	0.0	63.3	36.7	0.0	2.63
10007811_25	10007811	25	0.0	0.0	40.0	50.0	1.30
10007811_29	10007811	29	0.0	0.0	0.0	0.0	0.00
10007811_30	10007811	30	0.0	0.0	0.0	0.0	0.00
10007812_28	10007812	28	0.0	0.0	0.0	0.0	0.00
10007814_1	10007814	1	80.0	20.0	0.0	0.0	3.80
10007814_10	10007814	10	26.7	73.3	0.0	0.0	3.27
10007814_11	10007814	11	60.0	30.0	10.0	0.0	3.50
10007814_14	10007814	14	100.0	0.0	0.0	0.0	4.00
10007814_15	10007814	15	80.0	20.0	0.0	0.0	3.80
10007814_16	10007814	16	55.0	45.0	0.0	0.0	3.55
10007814_17	10007814	17	40.0	50.0	10.0	0.0	3.30
10007814_19	10007814	19	50.0	50.0	0.0	0.0	3.50
10007814_2	10007814	2	63.3	10.0	26.7	0.0	3.37
10007814_20	10007814	20	80.0	20.0	0.0	0.0	3.80
10007814_21	10007814	21	30.0	70.0	0.0	0.0	3.30
10007814_23	10007814	23	80.0	20.0	0.0	0.0	3.80
10007814_25	10007814	25	60.0	40.0	0.0	0.0	3.60
10007814_28	10007814	28	100.0	0.0	0.0	0.0	4.00
10007814_29	10007814	29	46.7	40.0	13.3	0.0	3.33
10007814_3	10007814	3	90.0	10.0	0.0	0.0	3.90
10007814_30	10007814	30	30.0	70.0	0.0	0.0	3.30
10007814_32	10007814	32	70.0	30.0	0.0	0.0	3.70
10007814_33	10007814	33	20.0	50.0	30.0	0.0	2.90
10007814_35	10007814	35	30.0	70.0	0.0	0.0	3.30
10007814_36	10007814	36	100.0	0.0	0.0	0.0	4.00
10007814_4	10007814	4	90.0	0.0	10.0	0.0	3.80
10007814_5	10007814	5	60.0	40.0	0.0	0.0	3.60
10007814_7	10007814	7	10.0	50.0	40.0	0.0	2.70
10007814_8	10007814	8	50.0	50.0	0.0	0.0	3.50
10007814_9	10007814	9	63.3	36.7	0.0	0.0	3.63
10007816_35	10007816	35	86.7	13.3	0.0	0.0	3.87
10007822_12	10007822	12	31.2	45.3	23.5	0.0	3.08
10007822_19	10007822	19	60.0	24.0	16.0	0.0	3.44
10007822_6	10007822	6	60.0	40.0	0.0	0.0	3.60
10007823_11	10007823	11	0.0	10.0	50.0	0.0	1.30
10007823_17	10007823	17	0.0	40.0	10.0	50.0	1.90
10007823_20	10007823	20	0.0	100.0	0.0	0.0	3.00
10007823_22	10007823	22	0.0	26.7	10.0	36.6	1.37
10007823_25	10007823	25	40.0	20.0	40.0	0.0	3.00
10007823_26	10007823	26	40.0	20.0	40.0	0.0	3.00
10007823_29	10007823	29	0.0	20.0	40.0	40.0	1.80
10007823_3	10007823	3	20.0	60.0	20.0	0.0	3.00
10007823_30	10007823	30	20.0	40.0	40.0	0.0	2.80
10007823_35	10007823	35	0.0	40.0	20.0	0.0	1.60
10007823_36	10007823	36	20.0	20.0	20.0	0.0	1.80
10007823_4	10007823	4	0.0	40.0	60.0	0.0	2.40
10007825_35	10007825	35	60.0	40.0	0.0	0.0	3.60
10007832_25	10007832	25	0.0	0.0	90.0	10.0	1.90
10007832_26	10007832	26	0.0	20.0	40.0	40.0	1.80
10007832_29	10007832	29	0.0	0.0	40.0	60.0	1.40
10007832_30	10007832	30	0.0	0.0	0.0	0.0	0.00
10007832_33	10007832	33	0.0	0.0	0.0	0.0	0.00
10007832_4	10007832	4	0.0	0.0	0.0	0.0	0.00
10007833_11	10007833	11	0.0	0.0	20.0	80.0	1.20
10007833_13	10007833	13	0.0	80.0	20.0	0.0	2.80
10007833_36	10007833	36	0.0	0.0	70.0	30.0	1.70
10007833_4	10007833	4	0.0	20.0	0.0	80.0	1.40
10007835_35	10007835	35	30.0	30.0	40.0	0.0	2.90
10007837_35	10007837	35	100.0	0.0	0.0	0.0	4.00
10007842_17	10007842	17	0.0	0.0	60.0	40.0	1.60
10007842_19	10007842	19	0.0	0.0	0.0	0.0	0.00
10007842_25	10007842	25	0.0	20.0	50.0	30.0	1.90
10007842_26	10007842	26	0.0	0.0	80.0	20.0	1.80
10007842_3	10007842	3	0.0	0.0	0.0	0.0	0.00
10007842_34	10007842	34	20.0	70.0	10.0	0.0	3.10
10007843_25	10007843	25	0.0	0.0	50.0	50.0	1.50
10007843_26	10007843	26	0.0	10.0	50.0	40.0	1.70
10007843_29	10007843	29	0.0	0.0	20.0	80.0	1.20
10007843_30	10007843	30	0.0	0.0	100.0	0.0	2.00
10007843_32	10007843	32	20.0	20.0	20.0	40.0	2.20
10007843_33	10007843	33	20.0	20.0	60.0	0.0	2.60
10007843_36	10007843	36	0.0	20.0	40.0	0.0	1.40
10007848_10	10007848	10	0.0	10.0	30.0	60.0	1.50
10007848_11	10007848	11	0.0	0.0	0.0	20.0	0.20
10007848_17	10007848	17	0.0	0.0	5.0	70.0	0.80
10007848_19	10007848	19	0.0	0.0	60.0	40.0	1.60
10007848_22	10007848	22	0.0	0.0	0.0	40.0	0.40
10007848_25	10007848	25	0.0	0.0	30.0	70.0	1.30
10007848_26	10007848	26	0.0	40.0	60.0	0.0	2.40
10007848_27	10007848	27	0.0	60.0	40.0	0.0	2.60
10007848_29	10007848	29	0.0	20.0	60.0	20.0	2.00
10007848_3	10007848	3	13.3	40.0	36.7	10.0	2.57
10007848_30	10007848	30	0.0	30.0	70.0	0.0	2.30
10007848_33	10007848	33	0.0	10.0	90.0	0.0	2.10
10007848_34	10007848	34	0.0	0.0	100.0	0.0	2.00
10007848_35	10007848	35	0.0	60.0	40.0	0.0	2.60
10007848_4	10007848	4	40.0	40.0	20.0	0.0	3.20
10007849_15	10007849	15	0.0	0.0	40.0	60.0	1.40
10007849_20	10007849	20	0.0	10.0	50.0	0.0	1.30
10007849_23	10007849	23	0.0	0.0	40.0	60.0	1.40
10007849_26	10007849	26	0.0	0.0	100.0	0.0	2.00
10007849_4	10007849	4	40.0	60.0	0.0	0.0	3.40
10007849_5	10007849	5	0.0	10.0	10.0	40.0	0.90
10007849_7	10007849	7	0.0	60.0	40.0	0.0	2.60
10007850_10	10007850	10	42.0	42.0	8.0	8.0	3.18
10007850_11	10007850	11	0.0	100.0	0.0	0.0	3.00
10007850_12	10007850	12	38.6	61.4	0.0	0.0	3.39
10007850_13	10007850	13	23.3	76.7	0.0	0.0	3.23
10007850_16	10007850	16	90.0	10.0	0.0	0.0	3.90
10007850_19	10007850	19	48.6	40.0	0.0	11.4	3.26
10007850_22	10007850	22	84.0	16.0	0.0	0.0	3.84
10007850_26	10007850	26	73.3	26.7	0.0	0.0	3.73
10007850_27	10007850	27	40.0	60.0	0.0	0.0	3.40
10007850_3	10007850	3	73.3	20.0	6.7	0.0	3.67
10007850_5	10007850	5	13.3	86.7	0.0	0.0	3.13
10007850_8	10007850	8	50.0	50.0	0.0	0.0	3.50
10007850_9	10007850	9	66.7	33.3	0.0	0.0	3.67
10007851_11	10007851	11	0.0	0.0	0.0	100.0	1.00
10007851_15	10007851	15	0.0	40.0	60.0	0.0	2.40
10007851_19	10007851	19	10.0	30.0	60.0	0.0	2.50
10007851_20	10007851	20	0.0	20.0	80.0	0.0	2.20
10007851_25	10007851	25	0.0	0.0	80.0	20.0	1.80
10007851_34	10007851	34	20.0	30.0	50.0	0.0	2.70
10007851_36	10007851	36	0.0	80.0	20.0	0.0	2.80
10007851_4	10007851	4	40.0	40.0	20.0	0.0	3.20
10007851_5	10007851	5	0.0	0.0	60.0	0.0	1.20
10007851_7	10007851	7	0.0	0.0	30.0	70.0	1.30
10007852_1	10007852	1	100.0	0.0	0.0	0.0	4.00
10007852_10	10007852	10	60.0	40.0	0.0	0.0	3.60
10007852_11	10007852	11	50.0	50.0	0.0	0.0	3.50
10007852_14	10007852	14	50.0	30.0	20.0	0.0	3.30
10007852_15	10007852	15	53.3	33.4	13.3	0.0	3.40
10007852_16	10007852	16	0.0	10.0	50.0	0.0	1.30
10007852_17	10007852	17	20.0	70.0	10.0	0.0	3.10
10007852_19	10007852	19	26.7	23.3	50.0	0.0	2.77
10007852_2	10007852	2	53.3	46.7	0.0	0.0	3.53
10007852_20	10007852	20	26.7	26.6	46.7	0.0	2.80
10007852_21	10007852	21	0.0	0.0	50.0	50.0	1.50
10007852_22	10007852	22	80.0	20.0	0.0	0.0	3.80
10007852_25	10007852	25	0.0	50.0	50.0	0.0	2.50
10007852_29	10007852	29	0.0	70.0	30.0	0.0	2.70
10007852_3	10007852	3	40.0	60.0	0.0	0.0	3.40
10007852_30	10007852	30	26.7	50.0	23.3	0.0	3.03
10007852_32	10007852	32	0.0	20.0	80.0	0.0	2.20
10007852_34	10007852	34	60.0	40.0	0.0	0.0	3.60
10007852_4	10007852	4	80.0	20.0	0.0	0.0	3.80
10007852_5	10007852	5	75.0	25.0	0.0	0.0	3.75
10007854_26	10007854	26	66.7	33.3	0.0	0.0	3.67
10007854_3	10007854	3	0.0	50.0	30.0	20.0	2.30
10007854_34	10007854	34	50.0	50.0	0.0	0.0	3.50
10007855_10	10007855	10	20.0	30.0	10.0	20.0	2.10
10007855_11	10007855	11	60.0	13.3	13.4	13.3	3.20
10007855_15	10007855	15	55.0	45.0	0.0	0.0	3.55
10007855_17	10007855	17	50.0	50.0	0.0	0.0	3.50
10007855_19	10007855	19	60.0	30.0	10.0	0.0	3.50
10007855_20	10007855	20	53.3	26.7	20.0	0.0	3.33
10007855_21	10007855	21	40.0	50.0	10.0	0.0	3.30
10007855_22	10007855	22	0.0	30.0	50.0	20.0	2.10
10007855_26	10007855	26	70.0	30.0	0.0	0.0	3.70
10007855_28	10007855	28	55.0	45.0	0.0	0.0	3.55
10007855_29	10007855	29	100.0	0.0	0.0	0.0	4.00
10007855_3	10007855	3	43.0	57.0	0.0	0.0	3.43
10007855_30	10007855	30	36.7	63.3	0.0	0.0	3.37
10007855_4	10007855	4	100.0	0.0	0.0	0.0	4.00
10007855_7	10007855	7	40.0	40.0	20.0	0.0	3.20
10007855_9	10007855	9	0.0	63.3	36.7	0.0	2.63
10007856_10	10007856	10	0.0	10.0	90.0	0.0	2.10
10007856_11	10007856	11	23.3	76.7	0.0	0.0	3.23
10007856_17	10007856	17	42.0	58.0	0.0	0.0	3.42
10007856_19	10007856	19	26.7	46.6	13.4	13.3	2.87
10007856_20	10007856	20	26.7	50.0	23.3	0.0	3.03
10007856_21	10007856	21	40.0	40.0	20.0	0.0	3.20
10007856_26	10007856	26	0.0	90.0	10.0	0.0	2.90
10007856_28	10007856	28	0.0	55.0	25.0	20.0	2.35
10007856_29	10007856	29	0.0	80.0	20.0	0.0	2.80
10007856_30	10007856	30	0.0	50.0	50.0	0.0	2.50
10007856_34	10007856	34	20.0	80.0	0.0	0.0	3.20
10007856_35	10007856	35	40.0	40.0	20.0	0.0	3.20
10007856_36	10007856	36	0.0	0.0	60.0	40.0	1.60
10007856_6	10007856	6	76.0	20.0	4.0	0.0	3.72
10007856_7	10007856	7	40.0	50.0	10.0	0.0	3.30
10007856_9	10007856	9	0.0	30.0	50.0	20.0	2.10
10007857_11	10007857	11	0.0	0.0	40.0	60.0	1.40
10007857_13	10007857	13	0.0	20.0	80.0	0.0	2.20
10007857_19	10007857	19	10.0	70.0	20.0	0.0	2.90
10007857_20	10007857	20	0.0	100.0	0.0	0.0	3.00
10007857_26	10007857	26	66.7	33.3	0.0	0.0	3.67
10007857_28	10007857	28	90.0	10.0	0.0	0.0	3.90
10007857_29	10007857	29	20.0	70.0	10.0	0.0	3.10
10007857_3	10007857	3	20.0	80.0	0.0	0.0	3.20
10007857_30	10007857	30	20.0	80.0	0.0	0.0	3.20
10007857_35	10007857	35	40.0	60.0	0.0	0.0	3.40
10007857_4	10007857	4	73.3	26.7	0.0	0.0	3.73
10007857_6	10007857	6	76.0	20.0	4.0	0.0	3.72
10007857_7	10007857	7	40.0	50.0	10.0	0.0	3.30
10007857_8	10007857	8	0.0	70.0	30.0	0.0	2.70
10007858_15	10007858	15	0.0	0.0	40.0	60.0	1.40
10007858_17	10007858	17	0.0	20.0	50.0	30.0	1.90
10007858_28	10007858	28	40.0	50.0	10.0	0.0	3.30
10007858_31	10007858	31	0.0	50.0	10.0	0.0	1.70
10007858_33	10007858	33	50.0	50.0	0.0	0.0	3.50
10007858_34	10007858	34	50.0	50.0	0.0	0.0	3.50
10008010_25	10008010	25	0.0	40.0	0.0	60.0	1.80
10008017_35	10008017	35	20.0	80.0	0.0	0.0	3.20
10008026_21	10008026	21	0.0	0.0	0.0	0.0	0.00
10008574_28	10008574	28	40.0	50.0	10.0	0.0	3.30
10008640_34	10008640	34	0.0	10.0	90.0	0.0	2.10
10008640_35	10008640	35	30.0	20.0	30.0	0.0	2.40
10040812_6	10040812	6	26.7	23.3	50.0	0.0	2.77
10007003_7	10007003	7	63.3	36.7	0.0	0.0	3.63